self_id,id1,id2,id3,id4,id5,id6,id7,id8
175,1598,1791,1599,178,176,52275,52403,35707
176,1599,178,175,1598,1791,17737,75683,41683
178,1599,175,176,1598,1791,24082,29142,52403
429,727,436,3824,16074,1324,5441,7463,1018
436,429,1622,5441,1550,16074,5481,7463,2106
454,2788,513,514,54497,8424,54498,2599,33505
503,508,511,20817,40766,454,514,505,30372
505,5256,514,17285,511,16417,638,57275,513
507,2788,513,514,49360,44279,10001,4110,54497
508,503,511,20817,40766,454,514,505,30372
510,7731,13020,638,21436,17655,513,23669,3537
511,17285,514,20901,22697,503,638,3537,26722
512,514,52405,6523,74536,72394,36348,17655,513
513,514,515,454,507,6523,562,10001,510
514,511,513,4110,512,3537,13816,5256,454
515,513,5756,17655,514,6523,13020,4110,8575
562,19895,16894,8575,75787,18203,75788,11899,17183
563,25466,4570,2788,562,638,8424,7047,4110
638,17285,8424,22697,11899,75788,5657,563,75787
727,1018,1324,429,29145,16074,54731,3606,7463
798,22697,26419,26418,51599,53908,3517,2776,1620
959,961,965,960,962,31973,17162,53495,12824
960,966,962,961,959,33227,53495,965,34590
961,962,959,960,966,965,33227,45991,34590
962,961,960,966,959,53495,34590,35717,33227
963,966,961,33227,960,7811,62643,74753,56000
965,31973,17557,21762,75155,42273,18968,38261,33227
966,960,962,33227,53495,963,961,34590,45991
967,17557,21762,17537,19337,12181,62419,41816,965
1018,727,1324,29145,54731,16074,3606,429,33662
1121,1122,1123,23616,3365,7324,27753,20417,18713
1122,1121,1123,7324,3003,1589,20417,3365,16115
1123,1122,1121,3003,7324,3365,29687,17010,23474
1152,5256,42030,49418,42534,16894,19895,1620,3517
1154,1620,1621,1622,3517,2106,2324,9906,1492
1324,1018,727,54731,29145,3606,16074,24905,1504
1413,46248,39314,46252,53466,46255,28668,43396,46249
1414,48313,34416,49075,32179,36609,36580,36470,36484
1415,48078,54846,55904,55410,47241,46170,48112,70635
1418,34368,69242,69069,63117,62689,57792,75063,51749
1492,26420,51599,52275,26418,26419,3517,1620,21772
1504,16115,16074,17538,7463,19960,1324,21822,7675
1521,14243,14241,19869,17072,14395,25422,30247,21824
1525,1542,1504,429,4073,1324,29292,19898,727
1535,1538,1536,1537,20112,18279,14300,14348,73369
1536,1535,1538,1537,18279,14300,20112,6138,51721
1537,18279,14300,1537,6138,12992,1535,1536,12655
1538,73369,1535,1536,51721,1539,51404,36367,48047
1539,20204,25214,1535,73369,1536,1537,1538,14300
1542,30682,38552,18533,12155,22907,20891,1554,14014
1546,53421,50448,43108,45482,48148,46670,46088,2725
1549,1620,12181,2324,19337,27229,27861,24057,2776
1550,1622,2106,5411,20470,36670,25382,1154,2324
1554,37506,20202,1542,32661,18533,32711,32222,53159
1557,11456,11709,71686,18293,52405,25952,59827,14397
1589,36167,29227,20860,37174,58941,41866,24185,56979
1598,175,1599,1791,176,178,51301,46248,72989
1599,175,1598,178,176,1791,26420,1621,75683
1620,1549,3517,1825,1152,1154,2324,1492,1621
1621,1154,1620,9906,7810,1622,1550,5411,1549
1622,1550,2106,5411,20470,1154,25382,36670,9906
1681,23616,38196,34636,34637,39360,38200,63894,45922
1791,175,1598,1599,178,176,42030,49418,42534
1825,51599,26418,26419,1620,20860,29227,75683,17737
2106,1622,5411,1550,1154,25382,1621,20470,9906
2324,1620,1549,3517,1154,1550,1492,1825,21246
2572,5761,8203,14299,33698,9117,37045,26012,46078
2599,454,8575,54498,10001,13816,21436,513,514
2718,2719,2740,52405,73752,12928,10480,44686,59827
2719,2718,2740,12928,73752,2788,10480,6723,55353
2725,19558,8717,8514,41683,2780,1546,2726,57668
2726,26562,26651,26854,30271,19558,8717,14397,25952
2740,2719,2718,46317,5657,563,5652,53516,7047
2776,22697,3537,5256,17285,6353,38226,16417,44909
2780,19558,2725,38226,8514,55461,8717,41683,27229
2784,21607,8274,30372,32711,41315,53159,32710,31630
2788,47569,73752,563,46089,45727,44279,6723,50520
3003,3365,7324,1122,37403,1123,34361,1121,22450
3274,10789,36039,36037,36035,53678,53449,52171,51814
3326,26419,51599,26418,75683,7811,17737,26420,7810
3365,3003,1121,1589,12155,23616,14454,7324,1123
3386,57275,7815,41613,47084,32222,512,1414,52445
3517,1620,1152,1492,1154,2324,26418,16894,26419
3537,22697,17525,5256,17285,6353,2776,15550,24722
3606,7167,4920,4786,1324,727,5537,54731,8555
3619,7810,26418,26419,51599,9511,11664,13006,12155
3804,3806,29608,33116,45201,45318,5660,20859,29227
3806,20859,29608,45201,33116,45318,29227,20860,5659
3810,20860,29227,5658,22622,21034,3804,3806,5659
3816,48550,48549,48548,48551,21800,515,41843,46634
3824,4904,3939,429,727,7463,3606,5441,1018
3825,55975,47832,44914,43373,34419,18879,63894,36270
3939,4904,3824,1324,3606,41315,727,1018,17010
4014,18968,8555,6968,5537,3606,7167,4786,4920
4073,16074,5441,7463,17538,21822,20478,11757,34146
4110,8575,26722,514,7731,25466,4570,638,8424
4370,53449,36037,51814,36035,51793,36039,10789,52171
4371,56004,56000,62643,61745,60122,65639,37559,45885
4372,4370,33706,53591,54724,47781,62643,56000,56004
4373,4370,4372,71342,4371,50089,73646,51733,75244
4374,62643,56000,56004,61745,53679,45885,38766,45887
4570,25466,563,19871,4110,2788,5756,562,638
4786,5537,3606,8555,4920,25468,23599,58027,7167
4824,70395,59184,12734,5008,1825,18293,54028,20310
4872,52275,17737,61799,14014,1542,56978,51301,61800
4904,3939,3824,727,7693,3606,1504,2572,17010
4920,3606,6968,59440,4786,7167,1324,30733,2572
5008,41767,46078,34416,33698,70395,12734,41647,13006
5009,34416,41767,46078,7425,33698,31080,63117,69069
5181,69174,27586,40765,178,1598,4014,175,176
5182,54059,54134,53959,54000,54028,53908,54330,54265
5256,73752,22697,6723,3537,17285,6353,10480,2776
5360,17499,22272,43514,39606,57668,32371,8424,19558
5411,1622,2106,1550,25382,20470,36670,43312,1621
5441,16074,7463,11757,17538,34146,4073,24905,7348
5481,35643,36268,51599,26418,26419,20757,44081,36862
5487,25414,20447,15244,962,66423,10784,40484,34361
5537,6769,4786,3606,61474,4014,8555,42273,36757
5547,73020,35386,72989,26651,55192,20757,44081,26854
5617,16893,16892,19898,16894,19895,37174,56687,47843
5652,5652,5659,5658,5660,638,4110,7047,514
5657,5652,5659,5658,5660,638,4110,7047,514
5658,20860,29227,5659,22622,3806,5657,5652,20859
5659,5658,3806,20860,29227,76417,5657,10602,5652
5660,45201,29608,33116,45318,29292,34342,3806,48438
5756,562,17655,13020,8424,515,638,17285,25466
5761,2572,8203,17160,13084,23282,33698,46078,12754
5916,22616,41767,46078,64262,36348,72394,1418,22817
5972,20860,29227,14454,23616,27347,1589,5658,29204
6029,6030,36083,64327,68411,27589,66057,40268,67188
6030,36083,64327,6029,68411,27589,66057,67508,67188
6034,20505,15654,20504,15203,22272,6030,6968,1550
6138,20112,14300,1537,18279,12992,1535,1536,12655
6150,14589,25101,14592,27828,10645,20379,21772,13282
6329,6400,6397,30776,30704,23913,30686,23795,6332
6331,30686,6331,6400,30790,6397,30704,23795,6332
6332,30686,6331,6400,30790,6397,30704,23795,6332
6353,22697,3537,5256,17285,2776,16417,638,511
6397,30686,6331,6400,30790,6397,30704,23795,6332
6400,30686,6331,6400,30790,6397,30704,23795,6332
6523,513,515,562,512,454,45878,514,21800
6551,68372,74536,13241,38233,36580,49075,42953,36609
6723,73752,5256,65767,62056,64816,10480,2788,65833
6761,17072,19869,23563,30247,21824,25422,17070,19337
6769,35707,5537,8555,32625,17566,54330,42273,36757
6824,10649,32306,6825,8284,68391,63460,43944,74998
6825,10649,43516,15474,16491,6824,75449,55097,39007
6968,4920,64800,73843,72008,4014,55610,55609,48078
7047,638,16417,563,5657,52405,61060,5652,71164
7167,3606,4920,4786,4014,30183,8555,5537,70395
7324,1122,3003,1121,1123,3365,29204,14454,20417
7348,7463,34146,21822,11757,35036,16074,24905,5441
7360,17162,12421,53362,35881,13009,46242,51792,52171
7425,5009,41767,46078,34416,33698,12992,57792,38619
7448,9511,13006,11664,15369,15339,12155,14014,10656
7463,16074,5441,11757,7348,24905,17538,21822,4073
7516,8575,75787,11899,75788,73752,6723,11263,26722
7672,7673,7675,28350,22450,24059,62442,13350,56887
7673,7672,7675,42030,49418,42534,24059,39299,28350
7675,28350,16638,24059,22450,13350,7672,7673,16115
7693,7694,17010,44081,20757,37045,8422,4904,20021
7694,7693,30571,27785,23315,32283,31080,56001,24244
7731,8575,13020,75788,11899,75787,4110,26722,11263
7810,26419,26418,51599,3619,75683,7811,17737,26420
7811,26418,51599,26419,22968,75683,17737,26420,7810
7815,61696,31426,45701,7842,57990,70732,46179,31427
7816,54028,54060,53909,53959,54000,53906,54059,54265
7828,8769,7828,8770,14301,8203,2572,3939,5411
7842,7842,31426,22464,27588,7815,18903,18898,21652
7849,20584,24443,11325,24444,56725,58921,11324,36036
7956,54059,53909,53959,54000,54028,53906,54265,54134
8102,29727,53158,32661,18533,37650,20202,59826,19674
8203,14299,33698,5761,68227,13084,23282,46078,41767
8274,2784,21607,41315,31705,32222,30682,38866,38683
8284,13289,39007,66430,31935,55097,65636,64379,75449
8310,12992,26007,26909,30608,45628,42332,30571,31080
8422,7693,13152,1504,17010,22622,25918,16818,3606
8424,638,22697,5756,11899,75788,563,75787,16083
8514,24057,27861,27229,2725,2780,19141,8310,8717
8555,6769,4014,4786,3606,5537,7167,24185,49748
8575,75788,11899,75787,7731,562,73752,18203,7516
8590,53158,32222,18533,38866,53159,38552,30682,59439
8679,25422,21751,19869,17072,30247,23563,21824,26393
8717,19558,2725,10645,20379,21772,2726,20757,44081
8769,8769,7828,8770,14301,8203,2572,3939,5411
8770,33242,8769,73646,39886,44082,7828,66845,75244
8869,30682,8274,32222,14242,8590,6968,1542,18533
8950,65447,14592,14589,25101,37952,6150,62717,27347
8999,29697,31970,14394,21694,14396,21191,54361,23904
9117,26012,5009,7425,34416,46078,41767,9118,54396
9118,52239,34416,13084,7425,14299,8310,12992,26012
9200,72130,20112,1537,64879,14300,18279,6138,58519
9238,35351,41492,1123,54028,54000,54060,54059,54265
9239,9239,9422,9240,11493,436,54060,54028,54059
9240,9422,9239,9241,11493,47695,436,5441,54216
9241,9239,9422,9240,11493,436,54060,54028,54059
9422,9239,9422,9240,11493,436,54060,54028,54059
9511,11664,13006,15369,15339,7448,12155,14014,3619
9906,1621,20470,1154,1622,1620,1550,5411,2106
10001,15550,19871,513,507,49731,454,21436,510
10265,57479,13084,70647,14348,62237,68867,37619,33445
10465,429,54028,54060,53959,54000,53908,54059,54265
10466,54028,53909,53959,54000,54060,54059,54265,54216
10478,70635,66308,10480,1415,36299,1414,53959,54060
10479,42332,30608,30571,25405,31080,26446,27785,42331
10480,10478,73752,66308,70635,6723,20199,42904,14397
10602,76417,66848,74888,67963,73570,74545,31970,5659
10605,76417,10602,66848,74888,67963,73570,74545,31970
10645,10645,21772,8717,19558,6150,1492,10656,2725
10649,15474,43516,55097,31935,65636,59986,66430,64379
10656,14301,26418,51599,48313,26419,69069,62689,51749
10784,25414,10785,17538,20478,60511,11757,5441,21822
10785,25414,10784,24082,31973,48911,961,41084,47695
10786,33706,53591,54724,47781,51613,45344,36035,36037
10788,35881,75708,76780,20757,44081,46242,51792,52352
10789,36037,36035,10789,53449,36039,53678,51793,51814
10793,10786,5487,962,960,4904,966,25414,3939
10794,69515,54000,54028,53908,53909,53959,54265,54134
11126,20243,15131,15139,15130,23328,17160,14435,15140
11263,75787,11899,75788,26722,15130,21110,8575,13020
11324,24444,11325,20584,24443,45450,7849,17538,3824
11325,24444,20584,24443,11324,45450,7849,3824,17538
11328,15140,17160,26012,55712,63558,13084,14435,34416
11456,18573,30368,38233,20199,22966,20986,38540,36609
11493,68731,12073,25103,14396,21191,14394,63460,68391
11635,11642,11641,48605,19201,64233,22590,34982,36270
11641,11642,11641,48605,19201,64233,22590,34982,36270
11642,11642,11641,48605,19201,64233,22590,34982,36270
11664,11664,13006,15369,15339,7448,12155,14014,3619
11709,30733,55461,11456,45855,42332,42195,38619,45628
11753,18448,27590,18450,18449,11789,25812,11958,12143
11757,19960,16074,21822,34146,35036,5441,7463,17538
11789,12143,18449,11789,11958,18450,18448,25812,27588
11896,11897,1542,961,1554,3939,3824,429,54265
11897,21191,14396,21694,14394,11896,42904,55353,25952
11899,11899,75787,26722,11263,15130,21110,8575,13020
11900,18203,24473,562,1537,14300,18279,65486,20112
11958,12143,18449,11789,11958,18450,18448,25812,27588
11963,23660,37619,33445,73769,19674,38807,38754,33783
12073,61474,53908,11493,42948,55461,70795,53906,52425
12143,12143,18449,11789,11958,18450,18448,25812,27588
12155,26419,26418,51599,11664,13006,9511,75683,17737
12181,21762,17557,17537,19337,967,62419,41816,965
12186,19337,30241,17072,36757,19869,36732,30247,21824
12197,30733,23599,26007,37619,33445,23660,15131,20243
12386,12835,12492,6769,3517,5537,961,4920,4014
12421,35881,7360,46242,32625,17566,75708,54330,51792
12492,12835,12492,6769,3517,5537,961,4920,4014
12655,20112,14300,18279,23315,1537,6138,19274,30034
12734,70395,75063,62689,51749,63117,69242,69069,57792
12754,33698,69069,49075,22966,38540,20986,51749,38233
12824,52171,51814,53678,51793,36035,53449,36039,10789
12835,12835,12492,6769,3517,5537,961,4920,4014
12928,45727,52405,46089,76963,2719,63066,47569,54497
12982,54330,32625,17566,31973,41360,12421,53677,53449
12992,45628,30571,27785,24244,25405,42331,42332,26909
13006,11664,13006,15369,15339,7448,12155,14014,3619
13009,53362,7360,17162,33772,63735,63738,63736,53449
13020,11899,75787,75788,17655,7731,26930,26722,11263
13084,34416,52239,46078,68227,41767,14435,5009,23282
13112,72989,35386,73020,55192,51733,44082,39886,64487
13152,55729,61003,23913,6331,6332,6397,6400,23795
13241,32179,36470,22966,49075,36484,20986,38540,36609
13261,15280,7425,1521,9118,1554,2572,8422,53959
13276,727,54060,54000,54028,54059,53909,54330,54216
13282,14592,37952,32371,14589,14413,6150,25101,56979
13289,8284,39008,64379,75449,73291,39007,74998,65636
13349,20962,12186,7167,7673,7672,1154,16638,28350
13350,16638,24059,7675,28350,56887,22450,7673,60686
13545,25812,27590,18448,11789,18450,18449,11958,12143
13548,19123,19309,72064,1418,67507,5916,28950,5481
13583,42904,34368,20199,55353,49707,14397,45701,59827
13816,514,17655,11900,23669,18203,47596,5756,21436
14014,9511,19149,11664,13006,19139,19260,59439,53158
14241,20204,14348,1535,1521,2572,1504,727,54028
14242,42904,25952,55353,59827,14397,44686,20199,14243
14243,18533,59826,32222,32661,32923,14242,38866,25049
14299,8203,52239,70135,56404,9118,26007,13084,73020
14300,18279,14300,1537,6138,12992,1535,1536,12655
14301,20243,62695,38827,15131,15139,15140,8769,57792
14348,14241,1535,14300,1537,18279,20112,6138,23660
14394,14396,21191,11897,21694,14397,42904,59827,25952
14395,1521,429,54059,53959,54000,54028,54134,54330
14396,21191,21694,11897,14394,59827,55353,44686,42904
14397,14397,59827,55353,20199,42904,44686,18573,23668
14413,56979,39480,27828,58941,47880,13282,56982,14589
14435,71559,30571,45628,42332,42331,42195,45855,24244
14454,23616,18713,22622,53908,20860,24185,29227,5972
14589,27828,6150,25101,47245,14592,13282,14413,8950
14591,14413,25101,6150,14592,66433,13282,10656,6968
14592,72767,6150,13282,65447,14589,32371,56979,58941
14973,36661,31487,34326,33880,18293,71157,33698,23315
15062,47880,39480,62442,43514,27586,60704,62717,56982
15130,15131,15139,20243,11899,75788,75787,11126,11263
15131,15139,15131,11126,15130,23328,17160,14435,15140
15139,15139,15131,11126,15130,23328,17160,14435,15140
15140,17160,75063,37046,69069,69242,62689,57792,51749
15202,15203,51834,22272,39606,41084,20817,965,7348
15203,20505,20504,15654,15202,6034,22272,43108,42591
15204,56540,53795,69865,41688,51710,47693,36391,37952
15244,20447,46238,69515,64538,69826,69828,60875,54411
15280,13261,23729,22962,5008,9117,11709,7425,18293
15291,15292,54060,48148,33227,960,962,3824,11757
15292,15292,54060,48148,33227,960,962,3824,11757
15339,9511,11664,13006,15369,7448,12155,14014,50448
15369,27664,27666,61340,11664,13006,9511,19201,49864
15401,7167,5537,8422,3606,1550,1504,429,727
15474,10649,43516,59983,59986,55097,73290,65636,75449
15550,17525,3537,10001,24722,24989,17655,2599,16083
15578,20169,40319,14397,20199,59827,42904,55353,25952
15654,20505,15654,6034,15203,2106,1550,1622,429
15660,63020,39008,66430,73291,39007,64379,31935,63460
15797,36522,36167,21753,14454,49237,40153,1123,29687
15894,68447,44082,64487,33242,55951,73646,50089,51733
16073,16115,23474,21607,17537,24905,33927,2784,20470
16074,5441,11757,7463,17538,21822,4073,19960,34146
16079,30248,61105,30484,61938,43922,52312,43920,31625
16083,17525,8424,75788,55461,75787,11899,47570,71164
16115,16073,23474,16074,4073,17538,5441,7675,7463
16122,21652,51575,27588,76417,64879,72130,17124,17059
16417,22697,71164,3537,5256,17285,49731,69255,7047
16491,43364,73291,55097,73290,65636,75449,39007,40004
16638,7675,13350,24059,56887,22450,28350,39299,60686
16692,10649,16695,38982,8679,15474,6825,3619,965
16693,19551,18604,16695,27865,34393,21246,30371,30682
16695,16693,61937,27865,69609,68088,34393,18604,19551
16818,75155,20022,41557,31790,18968,38261,18310,53158
16892,5617,19895,16894,16893,37174,19898,20367,25252
16893,5617,19898,16892,22213,47843,20367,56687,56688
16894,19895,16892,19898,5617,562,16893,1152,512
17010,7693,25918,25468,10656,1123,1546,8422,19201
17059,17059,29727,16122,30372,14243,22907,27597,11493
17070,17536,17072,19869,23563,21824,30247,25422,6761
17072,17072,25422,19869,30247,23563,6761,17070,31596
17094,21688,47541,25656,63863,64851,64847,20893,64850
17124,17059,29727,16122,30372,14243,22907,27597,11493
17160,15140,15139,33445,37046,62689,69069,63117,69242
17162,53362,7360,13009,12421,36039,51793,51814,36037
17183,562,18203,8575,21436,17285,75787,11899,75788
17285,22697,20901,511,638,3537,5256,18203,23669
17499,47646,5360,22272,47695,727,54059,54028,54134
17525,3537,15550,24722,17655,16083,514,454,13816
17536,17070,19869,30247,23563,21824,25422,17072,6761
17537,17557,21762,19337,12181,17536,967,17070,21753
17538,21822,19960,11757,16074,5441,24905,35036,7463
17557,17557,17537,19337,12181,967,62419,41816,965
17566,32625,17566,12982,12421,15244,6769,40176,7167
17610,29198,28668,36982,28096,46650,20038,42830,51874
17655,13020,5756,8575,11899,18203,75788,75787,17525
17737,26419,26418,51599,75683,7811,26420,7810,12155
18091,53579,43438,6551,21556,1154,33624,20470,2106
18203,18382,25386,8575,562,24473,17285,11900,17183
18279,18279,14300,1537,6138,12992,1535,1536,12655
18293,18310,23729,20310,33880,70395,35386,72989,73020
18294,35386,23315,73020,72989,55192,33880,19274,71157
18310,75155,23315,18293,33880,33698,38619,32283,30608
18313,36083,64327,32368,30034,68411,27589,33584,66057
18327,27590,18449,11958,18450,18448,11789,12143,25812
18382,18203,19047,25386,8575,24473,562,17285,11900
18448,12143,18449,11789,11958,18450,18448,25812,27588
18449,12143,18449,11789,11958,18450,18448,25812,27588
18450,12143,18449,11789,11958,18450,18448,25812,27588
18533,32222,53159,48167,25049,14243,38866,30371,41315
18573,25952,14397,59827,42904,55353,44686,20199,38540
18604,19551,16693,21246,16695,7673,47659,1549,2324
18713,24185,22622,23616,14454,20417,1121,45923,1589
18879,21246,44914,19869,17072,30247,21824,23563,25422
18898,27588,51520,66484,70798,33040,18903,66483,31426
18903,27588,26651,18898,11789,18448,18449,7842,27590
18968,38865,31630,31790,75155,54216,53158,38261,21607
19046,51245,66030,14348,14973,69866,33584,31063,33880
19047,18382,14301,5761,2572,54028,54059,54060,54216
19099,18448,18449,27590,12143,11789,18450,11958,25812
19123,36609,22609,36484,42573,36580,38540,36470,42953
19139,19149,19143,19142,14014,19141,3365,1622,1550
19141,19143,24057,27229,27861,19139,8514,19142,8310
19142,19143,19139,19141,1549,1620,3365,1121,1621
19143,19139,19141,19142,3365,1121,1621,16115,1622
19149,19139,14014,25382,1622,1550,20470,24905,54060
19201,11642,61340,27664,11635,11641,27666,15369,48605
19260,19261,20017,19123,14014,1018,29145,1324,727
19261,19260,20017,19123,14014,4920,1018,3606,29145
19274,23315,33445,23660,37619,22615,23599,23729,12655
19309,11789,18448,18450,41866,11958,18449,12143,25812
19337,21824,30247,19869,25422,17557,21762,23563,17072
19459,51874,69141,19459,20038,55030,28096,28100,75267
19551,19551,16693,21246,16695,7673,47659,1549,2324
19558,2725,8717,2726,21772,20379,10645,2780,41683
19562,54059,54060,53959,54000,54028,53908,54330,54216
19674,19674,33783,29198,21110,75464,52239,17610,18310
19869,17072,25422,19869,30247,23563,6761,17070,31596
19871,4570,25466,10001,507,21436,515,20310,17655
19895,19895,16892,19898,5617,562,16893,1152,512
19898,22213,16893,25252,20367,32084,5617,16892,16894
19960,11757,21822,35036,17538,34146,16074,33644,24905
20017,66040,19260,46650,19261,64802,62237,19123,37506
20021,61003,64802,62237,75155,6331,6397,30704,30790
20022,75155,22169,29241,26350,27488,16818,18968,26007
20038,51874,69141,19459,20038,55030,28096,28100,75267
20112,18279,14300,1537,6138,12992,1535,1536,12655
20169,15578,40319,39314,28668,1413,15139,20243,15131
20199,14397,59827,55353,20199,42904,44686,18573,23668
20202,32661,18533,32222,37650,54372,30371,8102,14243
20204,14241,1539,25214,14348,1535,1521,2572,16073
20243,15139,15131,11126,15130,23328,17160,14435,15140
20310,18293,23599,23729,18310,42331,42332,51622,44429
20367,25252,32084,22213,19898,16893,27753,25251,16892
20379,10645,21772,8717,19558,6150,1492,10656,2725
20417,18713,56979,58941,36167,71252,71251,24185,1121
20447,15244,31973,61474,50089,68447,64487,39886,33242
20470,5411,1550,5441,17538,16074,1622,7463,37518
20478,34146,35036,21822,17538,16074,7348,5441,11757
20504,20505,15654,6034,15203,2106,1550,1622,429
20505,20505,15654,6034,15203,2106,1550,1622,429
20539,33644,35036,7463,19960,24905,11757,34146,16074
20560,31625,60875,76780,69828,69826,54411,30248,31596
20575,25656,20893,21688,63863,40336,47541,51483,17094
20584,24443,11325,24444,11324,45450,7849,3824,436
20757,20757,28954,32134,10788,41683,24989,8717,5547
20758,19558,2780,36862,2725,33644,48911,429,5441
20817,75708,503,65339,508,46238,35881,52159,52352
20818,47783,62643,56000,56004,61745,4374,76780,58046
20859,3806,5659,10602,29227,29608,20860,45201,76417
20860,29227,5658,22622,3806,5659,20859,23616,3810
20891,12155,48550,48549,48548,1542,18903,41508,51599
20893,25656,20575,21688,51483,17094,47541,25414,28951
20901,23669,17285,23406,511,638,17183,514,13816
20962,27799,11899,75788,75787,13349,22697,26420,638
20986,32179,36470,22966,49075,36484,20986,38540,36609
21034,26394,3810,56259,510,60686,21800,515,1121
21110,73769,19674,33783,75788,75787,11899,29198,75464
21191,14396,21694,11897,14394,25952,14397,44686,55353
21217,42273,31790,38261,18968,16818,41557,59439,18898
21246,18604,19551,17072,23563,25422,21824,38213,19869
21436,17183,17655,44279,510,13816,10001,13020,11900
21483,10789,36035,53449,36037,51793,51814,53678,36039
21521,18310,23282,44429,71766,56733,23315,33783,51898
21556,43108,23599,32084,25252,20367,19898,38552,18533
21607,31630,38865,54216,42904,14397,20199,55353,25952
21652,27588,27590,11789,25812,18449,11958,18448,18450
21688,17094,25656,67505,66478,20575,51483,47541,20893
21694,14396,21191,11897,14394,8999,24233,30372,11493
21704,54731,66349,76996,74843,72355,54216,29145,68385
21751,26393,46317,8679,53468,9906,16115,436,4073
21753,76694,17536,17070,17537,19337,76560,49076,23563
21762,17557,17537,19337,12181,967,62419,41816,965
21772,10645,21772,8717,19558,6150,1492,10656,2725
21800,510,8424,454,16083,48526,21436,13816,41136
21822,19960,11757,17538,35036,34146,16074,24905,7348
21824,17072,25422,19869,30247,23563,6761,17070,31596
22169,26350,27488,22169,20022,26007,28668,25214,19123
22174,28430,28428,28431,28432,28427,22962,24082,22591
22213,20367,32084,25252,19898,16893,5617,27753,25251
22272,5360,68668,55950,69087,65103,17499,15203,39606
22450,39299,7675,7672,49418,42030,42534,21762,17557
22464,31426,31427,7842,27588,42273,7815,18903,18898
22590,22591,64330,28373,72008,64800,73843,11664,11635
22591,22590,28430,28431,28428,28432,22697,30618,28427
22604,70732,63986,51749,57792,69069,63117,69242,75063
22608,41294,22616,51248,32844,51404,5916,1414,54731
22609,32179,36470,22966,49075,36484,20986,38540,36609
22615,37237,23315,19274,37175,22958,12655,18294,18310
22616,22817,36470,53959,38540,20986,32368,49075,42953
22622,20860,29227,5658,23616,3806,18713,5659,20859
22658,19869,17072,21824,23563,25422,30247,6761,17070
22697,3537,5256,17285,6353,2776,16417,638,511
22808,22966,13241,20986,22609,38233,38540,34738,49075
22817,22616,32368,36470,38233,22609,22966,13241,36484
22907,38552,53158,18533,30372,8590,48167,29727,27596
22958,37237,22615,30733,37175,11709,12197,19123,1557
22960,50586,67406,65402,64924,73234,73237,73241,73235
22962,55030,28096,47986,69141,51874,42830,31948,50215
22966,32179,36470,22966,49075,36484,20986,38540,36609
22968,7811,11493,963,966,1550,1622,1324,727
23013,23014,23015,55353,25952,42904,14397,20199,59827
23014,23013,23015,33869,31705,41881,1621,3939,1018
23015,23014,23013,31705,1621,3939,1018,3606,20470
23118,7694,1018,966,727,24905,16074,7463,5441
23282,41767,46078,34416,33698,42331,62689,42195,31080
23290,75708,23329,35881,33880,52352,69515,51792,46242
23315,19274,22615,12655,18294,18310,23282,8310,66423
23327,23329,23328,23282,53909,53959,54000,53906,54060
23328,23329,20243,36661,23327,31487,15139,15131,15140
23329,23328,23327,15140,23282,23290,24989,33880,11328
23406,20901,45887,65639,48932,60224,45347,45885,64082
23474,16115,16073,17538,4073,16074,37403,24905,19960
23563,17072,25422,19869,30247,23563,6761,17070,31596
23568,25103,13545,11493,7167,1542,1525,966,727
23599,37619,23660,33445,26909,45628,27785,32283,24244
23616,22622,1681,38196,34637,29227,39360,20860,38200
23660,33445,23660,23599,19274,23729,17160,14348,11963
23668,44686,42904,25952,59827,20199,55353,14397,18573
23669,20901,17285,13020,23406,13816,11900,514,7731
23729,37619,23660,33445,34326,23599,18293,19274,71157
23795,30686,6331,6400,30790,6397,30704,23795,6332
23904,28100,50215,51874,19459,28469,55030,28096,72600
23913,30686,6331,6400,30790,6397,30704,23795,6332
24057,24057,27229,8514,19141,8310,19558,2780,1549
24059,7675,13350,39299,16638,7673,28350,22450,7672
24082,26420,41866,72008,28431,51599,73843,26419,28430
24185,18713,45923,14454,1589,20417,49391,40028,33927
24233,51520,33040,70798,66484,41508,66483,62342,67405
24244,45855,42331,32283,42195,24244,41647,27785,38619
24443,24443,11325,24444,11324,45450,7849,3824,436
24444,11324,11325,20584,24443,45450,7849,3824,17538
24473,18203,11900,18382,33505,32486,17655,23669,25386
24722,17525,42195,38619,42332,42331,25952,25405,45855
24905,17538,7463,21822,35036,16074,19960,5441,11757
24989,33880,35386,75155,73020,72989,55192,44081,20757
25049,59826,59827,14397,55353,20199,44686,42904,25952
25101,14589,6150,27828,41503,14592,40140,76508,8950
25103,23568,21483,41788,54545,48301,53677,13545,11493
25153,11664,55609,13006,55610,9511,40268,73339,28726
25181,26007,8310,12197,61801,14299,27586,9118,1554
25196,39606,54059,54134,53959,54000,54028,53908,54330
25214,39550,1539,29241,27488,22169,26350,20204,28668
25250,32084,25252,20367,62868,22213,66229,19898,41508
25251,57686,32084,25252,20367,22213,19898,16893,27753
25252,25252,32084,22213,19898,16893,27753,25251,16892
25382,5411,1622,2106,43312,20470,1550,36670,24905
25386,18203,18382,8575,562,24473,17285,11900,17183
25405,45855,42331,32283,42195,24244,41647,27785,38619
25414,10784,10785,5487,20817,24082,53679,45991,20447
25422,17072,25422,19869,30247,23563,6761,17070,31596
25466,4570,563,19871,4110,2788,5756,562,638
25468,4786,1504,17010,25918,38766,64060,37559,48932
25520,52444,60644,53579,45450,28676,48525,56115,41778
25656,20575,20893,17094,21688,47541,51483,40336,63863
25812,12143,18449,11789,11958,18450,18448,25812,27588
25852,17538,60511,48911,19960,24905,20478,47658,37403
25884,12155,25918,38754,38807,38808,25917,32780,11664
25917,41508,25918,62829,66484,51520,33040,70798,66483
25918,25917,54846,55904,48078,36757,30241,36732,1415
25932,36732,30241,36757,30195,30181,39299,30682,32711
25952,14397,59827,55353,20199,42904,44686,18573,23668
26007,27785,30571,32283,26909,31080,45855,24244,26446
26012,33698,34416,9117,41767,46078,33880,18310,5009
26079,12734,9117,9118,8203,4904,54216,54060,54134
26201,48078,54846,55904,62774,1415,55410,46170,47241
26350,26350,27488,22169,20022,26007,28668,25214,19123
26352,26353,73252,73331,28373,36268,40342,37045,39716
26353,26352,1414,22590,436,54330,54060,54134,54028
26393,21751,21246,25422,19869,30247,21824,23563,17072
26394,21034,25422,21824,19869,17072,23563,30247,6761
26418,26418,51599,75683,7811,17737,26420,7810,12155
26419,26418,51599,75683,7811,17737,26420,7810,12155
26420,27799,26418,51599,26419,75683,7811,17737,7810
26446,45855,42331,32283,42195,24244,41647,27785,38619
26562,30271,56980,2726,60555,62717,56982,63894,56978
26651,26854,18903,2726,62442,12421,17162,32374,7360
26722,11899,75788,75787,11263,15130,21110,8575,4110
26771,24989,4372,25468,54134,54059,54060,54000,54361
26817,2106,5411,727,54060,54000,54028,54059,53909
26853,38414,26854,6824,54908,46670,54059,12073,43091
26854,26651,38414,26853,18903,2726,62442,12421,17162
26909,45855,42331,32283,42195,24244,41647,27785,38619
26930,75788,75787,11899,13020,50520,11263,26722,15130
26964,21824,17072,25422,19869,30247,23563,6761,17070
27229,24057,27229,8514,19141,8310,19558,2780,1549
27347,33272,49786,47712,55445,34419,50751,43944,53794
27362,14592,20893,54060,54028,54059,53959,54330,54216
27488,26350,27488,22169,20022,26007,28668,25214,19123
27586,64608,25952,59827,55353,14397,68369,42904,20199
27588,18449,18450,27590,25812,11958,12143,11789,18448
27589,64327,36083,68411,66057,27590,18450,18449,18448
27590,12143,18449,11789,11958,18450,18448,25812,27588
27596,66433,27597,31630,38865,25049,38552,21607,18968
27597,27596,25049,30372,2784,58540,30371,53159,37650
27664,27664,61340,15369,19201,49864,36376,44909,43151
27666,27664,61340,15369,19201,49864,36376,44909,43151
27753,25252,34636,38200,32084,34637,39360,20367,38196
27785,45855,42331,32283,42195,24244,41647,27785,38619
27799,26420,20962,24082,6825,1492,16073,1599,178
27828,14589,6150,14413,25101,14592,13282,8950,16073
27861,24057,27229,8514,19141,8310,19558,2780,1549
27865,27865,16693,16695,30371,30682,12186,20891,8590
27982,33772,17162,13009,53677,53362,7360,31973,49490
28096,51874,69141,19459,20038,55030,28096,28100,75267
28100,51874,69141,19459,20038,55030,28096,28100,75267
28350,7675,39299,56887,7672,13350,24059,7673,16638
28373,72008,64800,73843,40268,36267,36268,53513,73339
28427,28432,28430,28431,28428,22174,22962,24082,22591
28428,28428,28431,28432,28427,22174,22962,24082,22591
28430,28428,28431,28432,28427,22174,22962,24082,22591
28431,28428,28431,28432,28427,22174,22962,24082,22591
28432,28427,28430,28431,28428,22174,22962,24082,22591
28469,51874,69141,19459,20038,55030,28096,28100,75267
28668,39314,69141,75267,42627,51874,47969,55030,28100
28676,61474,54995,35571,58519,52444,72732,42948,41508
28726,28730,28727,25153,20891,48556,4786,1542,5537
28727,28730,28726,35573,47422,63753,44704,35572,43151
28730,28726,28727,429,53959,54000,54028,54059,53908
28949,28950,28951,50586,73290,73291,40004,65402,65636
28950,28951,28949,28954,20757,44081,45774,69384,71231
28951,28952,28950,28954,28949,15062,44081,20757,29697
28952,28951,45318,45201,29608,33116,5660,29697,61681
28954,73291,66430,65636,40004,39007,64379,75449,74998
29142,41683,17183,31703,2780,507,513,178,7167
29145,1324,1018,727,54731,16074,1504,4073,7675
29198,19674,33783,73769,21110,47986,47969,55030,31948
29204,71004,5972,7324,23616,75989,56688,20860,51192
29227,29227,5658,22622,3806,5659,20859,23616,3810
29241,26350,27488,22169,20022,26007,28668,25214,19123
29292,33116,45201,45318,29608,5660,36348,72394,71212
29608,45318,45201,33116,5660,29292,34342,3806,48438
29687,33644,34362,1123,16074,11757,19960,7675,35649
29697,8999,35643,28952,48519,28951,5761,48555,7693
29727,53158,59826,8102,48167,53159,18533,32710,32923
30034,69677,76668,66057,36083,64327,67188,69866,12655
30181,75940,36732,36757,30241,75856,62088,30195,30183
30182,75989,51192,47843,56687,55339,56688,76265,55905
30183,62088,30182,51192,55339,47843,56688,75989,56687
30195,36732,30241,36757,30181,25932,30682,32711,30182
30199,51874,72600,28096,28469,47969,48215,19459,48213
30226,16073,23474,1018,16115,24905,727,7463,5441
30241,30241,36757,30195,30181,25932,30682,32711,30182
30247,17072,25422,19869,30247,23563,6761,17070,31596
30248,31625,30484,31596,39669,69060,65764,31118,36522
30271,26562,30272,34152,56980,2726,60555,62717,56982
30272,30272,30271,21436,16073,963,54216,54028,54059
30273,56687,51192,47843,56688,75989,55339,30182,76265
30368,44684,60787,64608,30372,30371,42904,25952,14397
30371,32222,30368,21607,30682,18533,54772,38866,38865
30372,41315,30368,2784,53159,38552,29727,37650,27597
30484,30248,31596,31625,38213,21246,31118,16079,26393
30550,76963,75683,40303,74159,69865,12928,2719,35717
30563,56979,58941,41508,70798,33040,55729,51520,66484
30571,45855,42331,32283,42195,24244,41647,27785,38619
30608,45855,42331,32283,42195,24244,41647,27785,38619
30618,50815,36267,36268,22591,64330,28373,36270,34982
30682,32222,30371,36732,36757,30241,38865,31630,18968
30686,30686,6331,6400,30790,6397,30704,23795,6332
30704,30686,6331,6400,30790,6397,30704,23795,6332
30733,30571,26909,31080,45628,32283,30608,27785,42195
30776,30686,6331,6400,30790,6397,30704,23795,6332
30790,30686,6331,6400,30790,6397,30704,23795,6332
30983,727,429,54059,53959,54000,54028,54134,54330
31063,68227,52239,19046,13084,14299,8203,9118,10785
31080,45855,42331,32283,42195,24244,41647,27785,38619
31118,19869,30247,21824,25422,23563,17072,72706,6761
31426,7842,31426,22464,27588,7815,18903,18898,21652
31427,7842,31426,22464,27588,7815,18903,18898,21652
31487,36661,33698,23328,14973,33880,18310,12754,26012
31507,31507,35351,32759,11493,53959,54059,54000,54028
31508,31507,35351,32759,11493,53959,54059,54000,54028
31596,21824,31625,25422,23563,30247,17072,19869,6761
31625,30248,31596,39669,69060,65764,36522,30484,69250
31630,38865,54216,31790,21607,18968,30371,32374,2784
31703,31625,47596,29142,18203,65689,14397,42904,44686
31704,34808,37506,31705,64761,21607,44019,30371,31630
31705,64761,38683,31704,61140,23013,34808,44684,21607
31790,31630,38865,18968,54216,21607,21217,16818,41557
31912,50520,49360,56540,65486,48526,46825,51057,71164
31935,65636,66430,55097,73290,64379,31935,40004,73291
31948,51874,69141,19459,20038,55030,28096,28100,75267
31970,10602,76417,66848,67963,74888,73570,74545,54361
31973,50089,51733,66845,44082,39886,73646,64487,75244
32084,25252,32084,22213,19898,16893,27753,25251,16892
32134,45727,46089,20757,44081,63066,47569,54497,48527
32179,32179,36470,22966,49075,36484,20986,38540,36609
32222,38866,18533,53159,30371,14243,30682,38552,48167
32264,32676,4370,4373,961,1123,960,429,54059
32283,45855,42331,32283,42195,24244,41647,27785,38619
32306,6824,13289,10649,8284,24059,16115,7463,54028
32368,57856,22817,22616,36299,18313,51404,5916,54731
32371,56979,58941,56982,46317,13282,14592,47046,49038
32374,53591,62643,56000,56004,47781,61745,33706,54724
32486,33505,24473,32134,511,8424,4110,10001,454
32508,2718,2740,6523,4904,11757,54000,54028,54134
32625,32625,17566,12982,12421,15244,6769,40176,7167
32661,32711,32710,37650,59826,32923,20202,14243,18533
32676,32264,4370,10789,36039,53449,36037,51814,51793
32710,32711,32661,59826,2784,29727,48167,58540,32923
32711,59826,32661,32710,25049,25952,44686,14397,59827
32759,31508,31507,35351,11493,53959,54028,54060,54000
32780,26418,51599,26419,25884,75683,7811,17737,40767
32844,44459,41294,22608,22616,51248,19309,51404,5916
32923,59826,37650,25049,32661,53158,32711,14243,29727
33040,51520,66484,33040,66483,39030,67405,76996,74843
33116,45318,45201,33116,5660,29292,34342,3806,48438
33227,965,966,961,34590,960,962,963,35881
33242,50089,73646,68447,39886,44082,51733,33242,64487
33272,55445,34419,43944,27347,53794,47712,49077,53779
33445,33445,23660,23599,19274,23729,17160,14348,11963
33505,45727,46089,63066,47569,54497,48527,32486,45743
33584,51245,66030,14348,19046,18313,69866,69677,30034
33624,37518,36862,33662,40153,33644,16074,47695,33927
33644,11757,19960,35036,21822,47695,7348,16074,7463
33662,33624,33927,36862,33644,37518,52211,40153,54134
33698,46078,41767,34416,69069,69242,51749,37046,75063
33706,54724,53591,47781,51613,56001,45887,36035,36037
33772,27982,12421,13009,4374,7360,17162,4371,14299
33783,19674,33783,29198,21110,75464,52239,17610,18310
33869,61140,64762,38683,41881,43114,63773,64764,71475
33880,24989,18310,18294,33698,35386,72989,31487,75155
33927,33662,43114,33624,44684,59827,61340,42904,25952
34146,11757,19960,21822,7348,16074,5441,35036,17538
34152,30272,30271,21436,16073,963,54216,54028,54059
34326,71157,23729,14973,26012,58053,25656,54731,25852
34341,43893,10265,21556,56887,24059,29145,1018,727
34342,34343,29608,45201,33116,45318,5660,29292,48438
34343,34342,29608,45201,33116,45318,5660,29292,48438
34361,34362,57671,37403,46317,31625,36522,3003,58941
34362,34361,37403,49076,29687,68668,69087,56979,55950
34368,62631,13583,1418,1414,436,4904,727,429
34393,27865,16693,16695,30371,30682,12186,20891,8590
34416,46078,41767,5009,33698,69069,75063,57792,62689
34419,33272,38213,44914,55445,43944,27347,18879,53794
34461,2725,28350,54028,53959,54000,53909,54059,54265
34569,71513,72200,71669,51404,54000,62442,41683,19558
34590,53495,58027,966,962,33227,961,45991,960
34636,34636,39360,38200,34637,1681,27753,23616,1121
34637,34636,39360,38200,34637,1681,27753,23616,1121
34722,8769,7828,8770,14301,8203,2572,3939,5411
34738,32179,36470,22966,49075,36484,20986,38540,36609
34808,31704,44684,64761,44019,25049,21607,31705,38683
34982,28373,15894,50089,64487,73646,44082,33242,66845
35036,19960,11757,21822,34146,17538,47658,24905,7348
35064,61474,42948,40484,28676,11493,12073,53677,5537
35156,67170,5756,20891,7694,1554,515,37403,48555
35228,48605,69078,50525,8284,23616,36862,3365,1121
35351,31507,31508,41492,9238,32759,75031,75036,75030
35378,40336,70026,76780,66932,51532,1681,57921,45923
35386,73020,72989,55192,71157,55193,43114,18294,24989
35571,35571,28676,27753,60686,14592,65682,36167,40815
35572,35573,47422,63753,28727,43151,59015,5756,20447
35573,47422,63753,28727,35572,43151,59015,5756,20447
35643,29697,26419,51599,26418,26651,75683,40767,5481
35649,7675,52556,39299,28350,36862,29687,33644,57110
35707,35886,6769,175,1154,178,176,23474,1791
35717,39480,47880,46634,26562,38865,31630,962,62717
35881,46242,51792,36039,51793,10789,36035,51814,53678
35882,40248,40537,40448,53449,53678,51793,10789,36039
35886,35707,6769,175,1154,178,176,3606,23474
35982,57792,75063,69069,51749,62689,69242,63117,37046
36035,36037,36035,10789,53449,36039,53678,51793,51814
36036,53449,36037,36035,53678,52171,36039,51793,51814
36037,36037,36035,10789,53449,36039,53678,51793,51814
36039,36037,36035,10789,53449,36039,53678,51793,51814
36083,64327,68411,27589,66057,67188,67508,6030,69677
36167,1589,49391,12186,40153,15797,58941,56979,20417
36267,36268,28373,30618,22591,36270,34982,5481,36269
36268,36267,28373,30618,36270,22591,36269,5481,26352
36269,36270,41778,28373,36268,73339,40268,73331,33040
36270,36269,36268,41778,50815,25153,40268,28373,30618
36299,39314,66308,32368,70635,64879,72130,10478,57856
36348,72394,71212,29292,41240,47712,512,5916,31703
36367,40342,51721,68411,45116,66057,66030,69677,66818
36376,49864,61340,27666,27664,49786,15369,44019,47712
36380,63986,74488,64608,73761,64609,66433,75155,16818
36391,45727,74536,15204,52742,62820,46089,18203,72007
36470,32179,36470,22966,49075,36484,20986,38540,36609
36484,32179,36470,22966,49075,36484,20986,38540,36609
36522,31625,15797,30248,31596,39669,69060,65764,30484
36580,32179,36470,22966,49075,36484,20986,38540,36609
36609,32179,36470,22966,49075,36484,20986,38540,36609
36661,36661,33698,23328,14973,33880,18310,12754,26012
36670,1550,5411,20470,1622,25382,17538,43312,35036
36732,30241,36757,30195,30181,25932,30682,32711,30182
36757,30241,36757,30195,30181,25932,30682,32711,30182
36776,54059,54134,53959,54000,54028,53908,54060,54330
36862,33624,47694,33662,40153,37518,39299,33644,33927
36943,57668,8950,3517,1154,2106,1622,429,16074
36982,51874,69141,19459,20038,55030,28096,28100,75267
37045,69069,73331,63117,62689,73252,75063,51749,69242
37046,57792,62689,69069,63117,37046,51749,75063,35982
37174,16892,5617,16893,20962,1589,1121,16073,35649
37175,22966,36470,20986,13241,38233,38540,53959,49075
37237,22615,37175,22958,54059,54134,54028,53959,54060
37403,34361,25852,49237,3003,23474,34362,46317,67533
37506,44686,20199,55353,59827,42904,25952,14397,31704
37518,33624,33644,36862,33662,57110,20470,17538,5441
37559,64060,45344,45885,45887,56001,37559,65639,38766
37619,33445,23660,23599,19274,23729,17160,14348,11963
37650,59826,32923,32661,25049,32711,18533,2784,44686
37681,44019,34808,36376,30563,31705,31704,33869,26201
37930,50083,49949,48061,50005,54216,53677,53591,54330
37952,63654,13282,14592,60704,56978,62717,65447,58940
38196,34636,39360,38200,34637,1681,27753,23616,1121
38200,34636,39360,38200,34637,1681,27753,23616,1121
38213,21246,44914,34419,30484,26393,18879,16079,49237
38226,2776,2780,44596,45820,36391,505,8717,17094
38233,32179,36470,22966,49075,36484,20986,38540,36609
38261,75155,42273,21217,18968,16818,965,20022,18898
38414,38414,26854,6824,54908,46670,54059,12073,43091
38468,52275,70391,62088,34590,47541,56887,25382,33624
38540,32179,36470,22966,49075,36484,20986,38540,36609
38552,32222,38866,53158,22907,30371,30372,18533,27596
38619,45855,42331,32283,42195,24244,41647,27785,38619
38683,61140,44684,14397,20199,59827,55353,25952,42904
38754,38754,38808,44704,11963,54908,40766,42948,25884
38766,64060,45344,45885,45887,56001,37559,65639,38766
38807,38754,38808,44704,11963,54908,40766,42948,25884
38808,38754,38808,44704,11963,54908,40766,42948,25884
38827,62695,71686,55027,14301,5008,18293,13084,14299
38865,38865,54216,31790,21607,18968,30371,32374,2784
38866,32222,54772,60787,53159,59827,44686,42904,20199
38982,46683,10649,16695,35386,73020,72989,55192,8679
39007,65636,66430,55097,73290,64379,31935,40004,73291
39008,63020,75449,40004,74998,73291,65636,55097,73290
39009,6825,54028,54059,53959,54000,53908,54265,54134
39030,33040,66484,70798,51520,66483,67405,76996,74843
39215,45923,67505,40336,49442,50525,45922,41240,27753
39289,70009,56688,55339,47843,75989,56687,51192,55601
39299,22450,28350,24059,7673,41508,25932,36167,54995
39314,28668,1413,47421,36299,20169,17610,1418,5916
39360,34636,39360,38200,34637,1681,27753,23616,1121
39480,47880,15062,62442,43514,60704,62717,56982,14413
39550,25214,1504,4904,54059,53959,54000,54028,54216
39606,41084,25196,51733,66845,39886,75244,44082,73646
39618,43920,43922,40484,66349,42939,67236,65528,20447
39669,31625,52269,30248,31596,43373,69060,65764,64550
39677,4904,54059,54134,53959,54000,54028,53908,54330
39716,45555,40980,40342,36367,30034,26352,41778,3606
39886,50089,73646,68447,39886,44082,51733,33242,64487
40004,65636,66430,55097,73290,64379,31935,40004,73291
40028,45922,45923,41866,69174,24185,41240,55339,56687
40140,76508,74676,62717,56982,74675,60704,58940,56978
40153,47694,33624,36862,33644,54134,36167,33662,38982
40176,44704,38807,38808,38754,61060,40765,42948,64851
40248,40248,40537,35882,20470,429,53959,54000,54028
40268,73339,73340,28373,25153,41843,24233,6029,36270
40302,1492,34361,34362,2324,35649,25656,20893,36670
40303,30550,63654,74921,57671,43438,52368,47693,41688
40308,40631,40632,40629,52425,59849,53129,74768,53909
40319,20169,15578,3606,54059,54000,54028,54134,54060
40336,66932,70026,49442,45923,50525,41240,39215,35378
40342,61425,66769,61417,62884,72146,36367,45555,39716
40448,40248,40537,35882,20470,429,53959,54000,54028
40484,43922,43920,39618,66349,42939,67236,41816,35064
40537,40248,40537,35882,20470,429,53959,54000,54028
40595,75848,71231,69384,69386,64540,64541,75343,67946
40629,40632,40629,40308,29687,20539,33644,7463,16074
40631,40632,40629,40308,29687,20539,33644,7463,16074
40632,40632,40629,40308,29687,20539,33644,7463,16074
40765,40766,38808,38807,38754,51599,26419,26418,65382
40766,503,38754,38807,38808,52403,40765,508,42948
40767,44704,35643,46634,21521,40766,42948,36167,16079
40815,76780,35571,54995,55890,40176,72007,57853,28676
40980,76685,51842,39716,45555,67188,49718,66030,69677
41084,33242,64487,66845,75244,51733,50089,73646,68447
41106,65486,54498,54497,58171,41136,57959,11900,507
41116,74868,74880,45726,63066,45743,49452,64762,67170
41130,62233,54059,43312,48556,1622,24905,7348,54028
41136,65486,54498,55702,54497,58171,68432,53516,41106
41240,36348,72394,71212,29292,40336,49442,50525,62829
41294,65402,50586,67406,67407,67399,65403,66848,22608
41315,30372,18533,2784,38866,32222,53159,8274,21607
41360,62689,69242,75063,63117,57792,69069,37046,51749
41476,61696,57990,19459,55030,28100,31948,20038,69141
41491,75036,75031,75030,75029,75032,41492,73339,35351
41492,75031,75032,75036,75029,41491,75030,35351,9238
41503,43364,46317,25101,51710,24082,32371,41881,16491
41508,51520,33040,66484,70798,66483,62829,67405,39030
41516,66290,37506,19960,11757,16074,54000,54028,53959
41519,68239,64233,1504,54000,53909,53959,54060,54028
41532,43373,59736,69250,63863,58272,54028,49391,14454
41557,48422,50084,16818,31790,21217,13152,33227,959
41613,58519,57275,72732,32780,55975,41508,9200,7815
41647,45855,42331,32283,42195,24244,41647,27785,38619
41683,72989,20757,44081,75940,35386,73020,55192,47880
41688,15204,47693,74921,56540,40303,43151,43438,57671
41767,46078,34416,33698,45855,42195,30608,24244,30571
41768,41768,5916,5441,54028,53909,53959,54000,54060
41772,42030,49418,42534,48658,56103,43837,73498,44537
41778,36269,36270,63894,60555,73020,72989,40268,69510
41788,25103,21483,54545,36036,48301,53677,16083,8424
41816,17557,21762,65764,31625,69250,60512,75848,67946
41843,48548,40268,64883,48549,50698,48550,73339,58027
41866,69865,24082,65666,27753,19309,16083,1589,40028
41881,64762,33869,63773,68369,41503,43114,44684,31705
42030,42030,42534,41772,48658,56103,43837,73498,44537
42195,45855,42331,32283,42195,24244,41647,27785,38619
42273,21217,38261,18968,22464,30563,31790,965,6769
42331,45855,42331,32283,42195,24244,41647,27785,38619
42332,45855,42331,32283,42195,24244,41647,27785,38619
42534,49418,42030,41772,48658,43837,56103,44537,73498
42573,32179,36470,22966,49075,36484,20986,38540,36609
42591,26651,57800,76668,26854,43108,45482,75898,74683
42626,25918,1152,32780,1521,1621,7324,25656,37518
42627,51874,69141,19459,20038,55030,28096,28100,75267
42830,51874,69141,19459,20038,55030,28096,28100,75267
42904,14397,59827,55353,20199,42904,44686,18573,23668
42939,43920,43922,47596,39618,40484,49786,51301,66349
42948,61474,44704,38807,38754,38808,35064,40766,8203
42953,32179,36470,22966,49075,36484,20986,38540,36609
43091,46670,43108,56103,45260,46088,72823,74843,72355
43108,46670,53421,1546,46088,43091,42591,45482,61176
43114,35386,73020,72989,55192,44684,38683,20199,25952
43146,25468,1622,4904,3824,20470,429,54059,54134
43151,35573,61340,61638,74928,27666,27664,15369,47422
43312,25382,5411,36670,1550,41683,1622,20470,43114
43364,40004,39007,74998,73290,55097,73291,31935,65636
43373,14397,55353,20199,59827,42904,44686,25952,18573
43396,46255,46254,46248,46252,53466,1413,46683,46249
43438,47596,47693,18327,74921,40303,42939,57671,52368
43514,39480,47880,58519,57668,15062,72732,19558,5360
43516,75449,55097,66430,73290,73291,64379,65636,31935
43837,42534,42030,49418,48658,44537,41772,56103,1152
43893,48148,57921,64487,29608,66845,73646,44082,75244
43904,35717,1550,54059,54134,53959,54000,54028,54330
43920,43922,39618,40484,66349,42939,67236,65528,20447
43922,43922,39618,40484,66349,42939,67236,65528,20447
43944,55445,75449,65636,73290,74998,40004,66430,73291
44019,37681,34808,36376,31704,33869,961,4904,7463
44081,20757,28954,32134,10788,41683,24989,8717,5547
44082,50089,73646,68447,39886,44082,51733,33242,64487
44161,45347,37559,45885,45887,45344,65639,60224,56001
44279,47569,49360,48526,54497,45727,46089,2788,50520
44351,48167,59826,25049,53158,14397,44686,20199,55353
44429,51845,51898,46821,56733,71766,51804,51622,44459
44459,46821,51845,71766,44429,51898,51804,51622,56733
44537,43837,42534,42030,49418,48658,41772,56103,35643
44579,31970,49786,20367,76417,32084,10602,25252,45132
44596,56688,51192,55339,75989,47843,56687,30182,76265
44684,25952,42904,44686,59827,55353,20199,14397,38683
44686,14397,59827,55353,20199,42904,44686,18573,23668
44687,20199,14397,59827,55353,42904,25952,44686,18573
44704,38807,38808,38754,42948,40767,28727,40176,40766
44909,61340,27666,27664,15369,19201,49864,2776,36376
44914,70770,38213,34419,18879,47832,43373,21246,30484
45116,72064,67507,66030,67508,69866,66057,36367,11963
45132,44579,54265,53679,47712,23290,59125,60990,1589
45137,61053,69174,30273,46634,40028,39289,35378,7324
45201,45318,45201,33116,5660,29292,34342,3806,48438
45260,48658,46670,56103,49418,42030,42534,45482,43091
45318,45318,45201,33116,5660,29292,34342,3806,48438
45344,64060,45344,45885,45887,56001,37559,65639,38766
45347,64060,45344,45885,45887,56001,37559,65639,38766
45450,60644,24443,52444,20584,11325,25520,24444,11324
45482,53421,57800,46088,1546,45260,42591,43108,61176
45555,62884,66769,61417,61425,39716,72146,40342,40980
45628,45855,42331,32283,42195,24244,41647,27785,38619
45701,61477,49707,45701,55975,7815,13583,22907,1324
45726,74868,74880,45726,63066,45743,49452,64762,67170
45727,45727,63066,47569,54497,48527,33505,45743,32134
45743,63066,45727,46089,74868,45726,74880,41116,47569
45774,62726,63995,63654,60704,58940,62717,56978,28950
45820,62088,62820,52742,30183,56687,47843,55339,56688
45855,45855,42331,32283,42195,24244,41647,27785,38619
45878,47046,50520,49731,74536,72989,56979,35386,58941
45885,64060,45344,45885,45887,56001,37559,65639,38766
45887,64060,45344,45885,45887,56001,37559,65639,38766
45922,40028,55339,56688,56687,47843,75989,51192,1681
45923,40336,39215,24185,66932,70026,40028,45922,50525
45991,966,48525,961,34590,960,58027,53495,60224
46078,41767,34416,33698,62689,69242,63117,57792,51749
46088,43108,53421,45482,43091,1546,45260,43837,46670
46089,45727,63066,47569,54497,48527,33505,45743,32134
46170,55904,48078,54846,1415,47241,55410,71004,48112
46179,61477,49707,45701,55975,7815,13583,22907,1324
46238,66423,75708,15244,51601,64538,35881,52352,69515
46242,35881,51792,52171,75708,51814,51793,53449,36035
46248,46248,53466,46255,1413,43396,46249,53497,46254
46249,46252,46248,53466,46255,1413,43396,53497,46254
46252,46248,53466,46255,1413,43396,46249,53497,46254
46254,46255,43396,46248,46252,53466,46683,1413,46249
46255,46254,43396,46248,46252,53466,1413,46683,46249
46276,54059,54134,54000,54028,53909,54060,54330,54265
46317,21751,67533,68432,53516,41503,32371,54372,51710
46386,53591,47781,33706,54724,51613,31973,45991,56001
46634,40767,76780,48550,48549,48548,35717,47880,39480
46639,48932,45347,45344,45885,45887,56001,65639,64082
46650,66040,20017,64802,62237,37506,17610,9117,5916
46670,53421,43108,45260,43091,50448,73237,33040,1546
46683,46254,46255,43396,38982,47694,51917,33927,47695
46821,51845,51898,46821,56733,71766,51804,51622,44459
46824,46825,46856,46824,51057,64708,61954,31912,46088
46825,46825,46856,46824,51057,64708,61954,31912,46088
46856,46825,46856,46824,51057,64708,61954,31912,46088
47046,58941,56979,76506,49038,61105,76997,76810,56982
47084,67820,50520,47569,2788,26930,47570,44279,48526
47237,48172,54846,55904,48078,1415,47241,46170,55410
47240,48078,54846,55904,1415,55410,46170,47241,48112
47241,48112,53259,55905,53258,54846,55904,48078,50714
47245,68738,72821,72822,76111,71810,69384,69386,64541
47421,39314,28668,1413,49803,36299,20169,17610,15578
47422,35573,63753,28727,35572,43151,47693,59015,24082
47541,72355,74843,76996,17094,71757,75342,66349,21688
47569,46089,45727,2788,44279,63066,54497,48527,33505
47570,50520,55461,71164,48526,49731,49360,16083,47569
47596,43438,42939,19558,13816,31703,5756,8717,2599
47646,17499,54060,54134,54000,54028,54059,54361,54265
47658,35036,19960,21822,60511,47695,55900,17538,11757
47659,49077,51710,47832,51301,47658,46252,46248,54827
47693,43438,15204,41688,49786,18327,74921,40303,50751
47694,36862,40153,54134,47695,57110,33644,33662,61105
47695,57110,33644,47658,35036,19960,34146,21822,11757
47710,47659,40176,54134,58053,57110,47695,4073,3824
47712,33272,27347,49864,27666,36348,61340,27664,72394
47781,53591,33706,54724,51613,56001,45887,37559,45344
47783,68447,33242,50089,73646,44082,75244,66845,51733
47832,46248,46252,53466,44914,43373,34419,46255,18879
47843,47843,56687,55339,75989,51192,30182,76265,55905
47880,47880,15062,62442,43514,60704,62717,56982,14413
47969,51874,69141,19459,20038,55030,28096,28100,75267
47986,51874,69141,19459,20038,55030,28096,28100,75267
48047,66818,51721,56404,66769,61425,70135,62884,61417
48061,50083,49949,48061,50005,54216,53677,53591,54330
48066,48066,64087,21822,5441,16074,19960,11757,54028
48078,54846,55904,1415,47241,55410,46170,48112,47237
48112,53259,47241,55905,53258,50714,54846,48078,55904
48148,66763,43893,33116,1546,45318,15292,15291,29608
48167,18533,53159,53158,29727,32222,44351,32710,54361
48172,47237,55904,54846,48078,1415,55410,47241,46170
48213,51874,69141,19459,20038,55030,28096,28100,75267
48215,51874,69141,19459,20038,55030,28096,28100,75267
48301,75708,66423,25103,21483,35881,41788,54545,52352
48313,1414,10656,3606,3824,54059,54060,54028,54134
48422,50084,41557,33227,4014,966,3606,47658,1504
48438,57853,33116,29608,45201,45318,53010,5660,64727
48439,49748,18327,48530,963,20417,48438,8555,7694
48466,55609,55610,1681,25918,76694,76560,63894,58519
48519,48521,48556,48555,61938,29697,77198,77199,52312
48521,48519,48556,48555,53362,66229,25250,52312,41508
48525,45991,35717,31973,58027,52444,46386,961,53495
48526,44279,47569,49360,54497,47570,48527,2788,50520
48527,45727,46089,63066,47569,76694,54497,33505,61105
48530,29608,45201,45318,33116,49748,48439,5660,29292
48548,48549,48550,48551,3816,41843,46634,36391,20891
48549,48549,48550,48551,3816,41843,46634,36391,20891
48550,48549,48550,48551,3816,41843,46634,36391,20891
48551,48550,48548,48549,3816,41843,46634,36391,20891
48555,48556,48519,48521,66603,66619,71189,29697,52742
48556,48555,48521,48519,66603,66619,29697,25153,52742
48605,35228,11641,11635,11642,69078,19201,64233,50525
48658,56103,49418,42030,42534,41772,43837,73498,44537
48911,34146,24905,7348,33644,19960,7463,5441,11757
48932,64060,45344,45885,45887,56001,37559,65639,38766
49038,56979,58941,47046,61105,56982,30563,56980,32371
49071,50315,52556,56887,13350,28350,47658,20478,4073
49075,32179,36470,22966,49075,36484,20986,38540,36609
49076,31625,68432,67533,53516,49077,38866,20199,42904
49077,51710,47659,49076,50751,68401,33272,27347,67533
49237,67533,68432,51710,54372,46317,55702,37403,49076
49271,21652,35982,24233,8102,66603,16122,33227,48555
49360,44279,47569,48526,50520,54497,49731,31912,2788
49391,47712,50929,59736,36167,54265,35571,54995,24185
49416,50267,49416,17610,21704,54000,54028,54059,54134
49418,42030,42534,41772,48658,56103,43837,73498,44537
49442,65400,71809,71230,40336,68738,67399,72821,50525
49452,74868,41116,45726,74880,63066,45743,64762,67170
49485,41768,5916,5441,54028,53909,53959,54000,54060
49490,48932,60224,45344,45347,37559,56001,45885,64082
49571,50267,49416,17610,21704,54000,54028,54059,54134
49707,61477,49707,45701,55975,7815,13583,22907,1324
49718,49959,51842,40980,68411,36367,66818,26012,9118
49731,71164,50520,49360,56540,57275,47570,16417,10001
49748,48439,18327,48530,20417,963,8555,7694,7693
49786,50751,36376,27347,49864,47693,47712,42939,44579
49803,74774,58850,47421,50525,48530,7673,15578,25153
49864,71342,27664,61340,27666,36376,15369,49786,47712
49865,71189,72130,64879,70611,59239,69068,51575,67962
49949,50083,49949,48061,50005,54216,53677,53591,54330
49959,49718,4904,54059,54134,54000,54028,53909,54330
50005,50083,49949,48061,50005,54216,53677,53591,54330
50083,50083,49949,48061,50005,54216,53677,53591,54330
50084,48422,41557,54372,53513,53516,38866,46317,20202
50089,50089,73646,68447,39886,44082,51733,33242,64487
50215,51874,69141,19459,20038,55030,28096,28100,75267
50267,50267,49416,17610,21704,54000,54028,54059,54134
50315,50714,47241,48112,53259,55905,53258,48078,54846
50411,514,54731,7463,16074,17538,54028,54134,54059
50448,1546,76668,53421,70798,51520,33040,66484,66483
50520,47570,71164,47569,49360,49731,31912,2788,26930
50524,8422,29145,1622,5411,798,17538,9906,1550
50525,35228,40336,48605,49442,69078,69174,41240,39215
50586,67406,65402,67407,41294,67399,65403,66848,67398
50698,50698,56980,73411,41843,17610,49077,4373,8950
50714,47241,48112,53259,55905,50315,53258,54846,55904
50751,49786,14397,42904,59827,44686,25952,55353,20199
50815,30618,36270,34982,36269,53959,54134,53908,54216
50929,49391,53679,54028,35378,54134,21688,25656,54827
51057,46825,46856,46824,51057,64708,61954,31912,46088
51192,47843,56687,55339,75989,51192,30182,76265,55905
51245,66029,67508,66030,14348,19046,69866,33584,69677
51248,41294,22608,22616,67962,54000,62442,32844,5916
51301,75940,46248,46252,64096,53466,42939,30181,76694
51404,71669,71513,72200,34569,73369,1538,57479,61003
51426,59439,16122,1554,4014,54731,3606,29145,4904
51466,51466,57856,54059,53909,53959,54000,53906,54028
51483,21688,47541,20893,10784,54731,55900,25656,35036
51520,51520,66484,33040,66483,39030,67405,76996,74843
51532,31625,65764,69250,62921,31596,30248,41816,72354
51575,70611,72130,64879,76417,10602,49865,66848,67963
51599,26418,51599,75683,7811,17737,26420,7810,12155
51601,36039,53449,36037,51793,10789,52171,36035,53678
51613,53591,47781,33706,54724,38766,37559,45887,56001
51622,51845,51898,46821,56733,71766,51804,51622,44459
51710,56540,69865,15204,49077,68401,74880,41116,74868
51721,69677,48047,61425,62884,1538,66769,61417,36367
51733,50089,73646,68447,39886,44082,51733,33242,64487
51749,57792,62689,69069,63117,37046,51749,75063,35982
51751,11328,13084,1414,24905,429,54059,54060,54028
51792,35881,46242,75708,53678,51814,53449,10789,51793
51793,36037,36035,10789,53449,36039,53678,51793,51814
51804,51845,51898,46821,56733,71766,51804,51622,44459
51814,36037,36035,10789,53449,36039,53678,51793,51814
51834,39606,41084,73843,64800,72008,15202,53513,58519
51842,49718,40980,7348,7463,11757,54000,53959,54265
51845,51845,51898,46821,56733,71766,51804,51622,44459
51874,51874,69141,19459,20038,55030,28096,28100,75267
51898,51845,51898,46821,56733,71766,51804,51622,44459
51917,53908,69461,49452,41116,56979,74880,58941,74868
52123,63220,51404,20891,54000,54028,54059,53909,54060
52159,75708,35881,20817,52352,69515,51792,46242,66423
52171,36037,36035,10789,53449,36039,53678,51793,51814
52175,51793,10789,36037,53449,51814,53678,36035,52171
52211,33644,54134,33662,48911,37518,56115,57110,19960
52239,73769,33783,19674,34416,42331,42332,32283,45855
52269,39669,47712,6825,49391,21753,34982,37403,47659
52275,4872,1492,38468,1549,175,1521,1620,1542
52287,4073,16074,54060,54000,54028,54059,54216,54372
52312,53795,57640,16079,49237,48519,48521,4014,53468
52333,54060,54216,54000,54028,54059,53909,54330,54265
52352,75708,35881,69515,51792,46242,66423,23290,12421
52368,74921,40303,43438,57671,47693,41688,63863,505
52403,40766,175,178,1599,1598,1791,25382,4904
52405,67171,67170,12928,7047,2718,512,1557,2740
52425,53909,53908,40308,59849,74768,53129,53906,70795
52444,25520,60644,45450,28676,48525,56115,41778,35649
52445,65402,50586,67406,67407,41294,67399,65403,66848
52556,49071,44082,39886,64487,73646,51733,33242,66845
52703,69828,69826,54411,60875,72329,72330,60951,20560
52742,62820,69202,45820,58850,59015,36391,66603,60686
53010,48438,45201,57853,33116,29608,45318,5660,64727
53129,53129,74768,53909,40308,52425,59125,54134,20470
53158,29727,53159,48167,75155,8590,18968,38866,38552
53159,38866,32222,18533,59826,48167,54772,53158,29727
53258,48112,53259,47241,55905,50714,54846,48078,55904
53259,48112,55905,47241,53258,50714,48078,55904,54846
53362,51793,36037,36039,51814,10789,53449,53678,52171
53421,70798,51520,66484,1546,33040,66483,46670,39030
53449,36037,36035,10789,53449,36039,53678,51793,51814
53466,46252,46248,46255,1413,43396,46249,53497,46254
53468,76694,53466,20367,25252,32084,76560,33272,50586
53495,34590,966,31973,962,959,965,960,51792
53497,46252,46248,53466,46255,54372,1413,43396,69021
53513,64800,73843,72008,54372,58519,72427,50084,28373
53516,54372,46317,67533,53513,50084,49076,55702,41136
53523,27597,25656,7693,1018,20539,5411,1504,727
53579,25520,18091,33624,3824,20470,54060,54134,54216
53591,47781,33706,54724,51613,56001,45885,37559,65639
53677,21483,31973,53449,36039,10789,51793,53678,51814
53678,36037,36035,10789,53449,36039,53678,51793,51814
53679,4374,32374,61745,62643,56004,56000,47783,33706
53779,33272,58941,76668,56979,51917,47046,49038,61105
53794,64256,57024,60512,67946,33272,75848,75876,73327
53795,15204,52312,62765,56540,69865,42939,41688,51710
53846,62737,60786,54772,20199,55353,59827,14397,25952
53906,73941,53908,52425,53909,70795,71802,14454,12073
53908,53906,52425,53909,70795,71802,14454,12073,15244
53909,52425,59849,74768,53908,53129,53906,40308,54060
53959,32179,36470,22966,49075,36484,20986,38540,36609
54000,72200,71669,71513,34569,62442,74027,51248,51404
54028,31625,59364,30248,31596,56115,74027,50929,49077
54059,61105,56982,62717,41866,58941,56979,56980,69865
54060,76265,53258,56688,47843,56687,55339,51192,75989
54134,47694,40153,52211,59548,56115,57110,33662,47695
54216,31630,38865,51622,51898,71766,56733,51845,51804
54265,60874,49391,38982,47712,64096,57757,45132,51301
54330,32625,17566,12982,12421,15244,6769,40176,7167
54361,60786,53159,31970,53158,54772,48167,29727,18533
54372,53513,50084,53516,38866,53497,46317,20202,30371
54396,9117,30372,20893,28350,20478,16074,54060,54265
54411,54411,69828,69826,52703,20560,15244,4373,20447
54497,45727,46089,65486,63066,47569,44279,48527,33505
54498,65486,65689,54497,58171,41106,41136,454,57959
54545,25103,21483,41788,48301,53677,20447,20818,56071
54724,33706,53591,47781,51613,36035,52171,53678,53449
54731,1324,21704,727,3606,29145,1018,24905,16074
54772,38866,60787,53159,53846,60786,30371,20199,25952
54827,47658,35036,60511,55900,64096,59966,21822,20478
54846,54846,55904,1415,47241,55410,46170,48112,47237
54859,46825,46856,46824,51057,64708,61954,31912,46088
54908,38808,38807,74536,38754,25952,14397,20199,55353
54995,35571,28676,27753,60686,14592,65682,36167,40815
55027,38827,62695,69078,71686,42627,28100,72600,42830
55030,51874,69141,19459,20038,55030,28096,28100,75267
55097,65636,66430,55097,73290,64379,31935,40004,73291
55192,35386,73020,72989,71157,55193,43114,18294,24989
55193,35386,73020,72989,55192,71157,43114,18294,24989
55339,47843,56687,55339,75989,51192,30182,76265,55905
55353,14397,59827,55353,20199,42904,44686,18573,23668
55410,55904,54846,48078,1415,47241,46170,48112,47237
55445,43944,66430,64379,40004,73291,73290,39007,75449
55454,63735,63738,63736,59141,13009,62631,54000,53909
55461,47570,64764,11709,48526,11456,16083,2780,12073
55601,39289,43893,3365,25656,6769,10785,10784,60511
55609,55610,25153,6968,48466,5761,8555,4014,7167
55610,55610,25153,6968,48466,5761,8555,4014,7167
55702,67533,41136,68579,68432,53516,46317,49237,32923
55712,11328,3939,54731,1324,47658,54134,54060,54059
55729,30563,13152,26201,4014,8422,54028,53959,54000
55890,31973,62342,12982,53677,965,40815,64727,27982
55900,60511,21822,35036,19960,47658,17538,7348,34146
55904,54846,55904,1415,47241,55410,46170,48112,47237
55905,53259,48112,47241,53258,50714,55339,47843,75989
55950,68668,55950,69087,22272,34362,37518,53908,53959
55951,15894,3939,53959,54000,54028,53909,54059,54330
55975,45701,61477,49707,46179,59364,3825,7815,41613
56000,56004,62643,61745,45347,64082,60224,45344,48932
56001,64060,45344,45885,45887,56001,37559,65639,38766
56004,56004,62643,61745,45347,64082,60224,45344,48932
56071,47783,10784,60875,23315,69828,69826,54411,56000
56103,48658,42030,49418,42534,41772,43837,73498,44537
56115,54134,52211,57110,55900,54028,54827,37518,41683
56259,59015,21034,65639,64060,60224,56001,64082,45887
56404,56404,48047,66818,14299,11328,26012,9117,9118
56540,71164,15204,69865,76694,49731,48527,61105,51710
56687,47843,56687,55339,75989,51192,30182,76265,55905
56688,47843,56687,55339,75989,51192,30182,76265,55905
56725,58921,7849,25153,20478,962,54827,47695,17538
56733,51845,51898,46821,56733,71766,51804,51622,44459
56735,26012,54134,54265,54028,54059,54060,53959,54361
56887,28350,16638,13350,65682,7675,24059,58850,7672
56978,62717,58940,56982,60704,65447,62726,26562,63995
56979,58941,47046,49038,61105,56982,30563,56980,32371
56980,26562,58941,64883,56979,50698,57668,56982,62717
56981,62717,58941,71189,56979,56982,76508,40140,60704
56982,62717,57668,58940,60704,65447,56978,40140,56979
57024,67946,60512,57024,75876,64256,60661,73327,58916
57110,47695,33644,60511,19960,55900,47658,37518,21822
57172,63753,8679,25918,61176,13152,25917,46634,56259
57275,71164,49731,50520,56540,7815,58171,47570,505
57479,51404,14299,10265,2572,8422,54731,3606,4904
57640,58272,72118,52312,75848,67946,57024,41116,60512
57668,56982,62717,56980,60704,58940,36943,76508,39480
57671,74921,34361,40303,43438,52368,47693,41688,63863
57686,25251,1621,3939,3824,16074,54060,54134,54265
57757,74928,61638,66889,66855,64096,66857,60874,54827
57792,57792,62689,69069,63117,37046,51749,75063,35982
57800,42591,45482,51404,22450,45260,7675,7348,3824
57853,48438,53010,64727,57668,65682,40815,56071,41778
57856,32368,51466,73368,22817,22616,36299,18313,51404
57894,3939,3606,1324,19960,54028,54059,54000,54060
57921,60874,15894,58920,48148,43893,35378,65682,45260
57959,58171,65486,69968,54498,49360,54497,510,41136
57990,61696,41476,7815,18313,54059,54000,54028,53959
58027,26418,47880,51599,26419,39480,34590,75683,7811
58046,20818,41866,40268,22697,56982,64082,56001,26562
58053,47695,28949,52211,72354,68385,24905,60511,48911
58129,62643,56000,56004,61745,45885,60224,45347,56001
58171,65486,54498,57959,54497,41106,41136,57275,11900
58272,75848,60512,57024,67946,57640,72118,75876,64256
58519,64800,73843,72008,72732,53513,41508,9200,43514
58540,27596,59826,32710,27597,2784,29727,30372,41315
58850,62820,40140,76508,52742,49803,74774,60686,74676
58914,76810,67398,65403,61105,72317,47046,76694,68738
58916,60512,67946,75848,57024,75876,64256,60661,73327
58920,57921,503,54995,35571,66527,65589,38766,37559
58921,56725,7849,55900,35649,962,54827,21822,17538
58940,62717,60704,56982,56978,57668,58941,63995,40140
58941,58941,47046,49038,61105,56982,30563,56980,32371
59015,62820,52742,56259,35573,47422,63753,28727,35572
59024,19099,71802,60686,21800,69461,21436,47694,59966
59125,64851,74536,17557,21762,64847,17537,65339,70391
59141,50089,66845,75244,44082,73646,68447,51733,39886
59184,63558,71559,70395,75464,14435,12734,4824,11328
59239,64879,72130,49865,70611,51575,9200,12928,36299
59315,67962,74870,71004,46170,69068,67455,38866,64609
59364,55975,64727,54028,60584,56115,54827,54134,43312
59439,51426,8590,27596,32923,18968,53158,14014,21217
59440,62799,4920,34982,34361,54731,48555,34362,57110
59464,64840,64850,64846,64848,50315,4920,429,54361
59514,62101,66057,19674,73769,33783,67508,45116,64327
59548,64608,73237,73235,73234,73241,66484,70798,33040
59736,41532,66041,43373,49391,63863,58272,1620,65666
59826,25049,32711,42904,25952,59827,14397,55353,44686
59827,14397,59827,55353,20199,42904,44686,18573,23668
59849,53129,74768,53909,40308,52425,59125,54134,20470
59966,69894,68432,70795,75876,61105,62765,60584,47658
59983,59986,43516,15474,10649,6825,54028,54059,54000
59986,59986,43516,15474,10649,6825,54028,54059,54000
60122,68447,75244,39886,64487,73646,44082,66845,50089
60209,54059,54134,53959,54000,54028,53908,54265,54216
60224,64060,45344,45885,45887,56001,37559,65639,38766
60511,35036,55900,19960,47658,21822,34146,20478,17538
60512,67946,60512,57024,75876,64256,60661,73327,58916
60555,26562,63894,30271,73761,62198,56980,2726,62717
60584,75876,73327,60661,64458,76560,57024,67946,75848
60644,45450,52444,25520,60990,10786,28676,22907,58046
60661,73327,75848,60512,67946,57024,65589,75876,64256
60686,35571,52742,54995,62820,58850,21034,59024,16638
60704,62717,58940,56982,63995,62726,56978,58941,40140
60786,53846,62737,54772,54361,54028,53523,54060,53516
60787,67455,38866,30368,54772,64608,68369,44686,14397
60874,57921,67360,54265,66041,64096,15894,57757,51301
60875,54411,69828,69826,52703,20560,15244,4373,20447
60951,72329,72330,52703,25414,54028,54134,54059,54000
60990,60644,76694,48527,61105,75700,75698,75876,23290
61003,64802,62237,20021,51404,13152,1414,7694,8422
61053,45137,69174,47245,7324,40153,40028,39289,35378
61060,7047,40176,20539,60511,33644,19960,53959,54000
61105,56979,58941,76694,47046,49038,48527,75700,75698
61140,38683,33869,71475,64761,64762,31705,44684,43114
61176,66484,51520,33040,70798,66483,67405,39030,53421
61340,27664,61340,15369,19201,49864,36376,44909,43151
61417,61417,61425,62884,72146,45555,40342,51721,69677
61425,61417,61425,62884,72146,45555,40342,51721,69677
61427,75155,16818,20022,18968,50525,65339,38261,18310
61474,28676,42948,35064,20447,14299,12073,8203,5761
61477,61477,49707,45701,55975,7815,13583,22907,1324
61478,54827,7348,54028,54060,53959,54000,53908,54265
61638,61638,57757,43151,20447,7849,75087,2106,1550
61681,28952,28950,33662,54827,52211,48911,29687,47658
61696,61696,41476,7815,18313,54059,54000,54028,53959
61745,62643,56004,56000,73646,45887,64487,64082,60224
61799,61800,65484,65483,76694,48527,61105,51301,17737
61800,61799,65282,70562,65484,65483,64348,17737,7047
61801,62782,65483,25181,55027,61799,40766,27586,61800
61864,14454,7693,36270,8422,1123,1324,727,7463
61936,61938,69609,68088,61937,62868,64708,61954,64029
61937,69609,68088,64708,61954,64029,16695,61936,16638
61938,62868,61936,62765,16079,48519,7675,60511,20539
61954,61954,61937,69609,68088,46856,54859,46824,46825
62056,64816,62056,30199,69068,6723,54731,3606,29145
62088,30183,75989,55339,56688,51192,56687,47843,30182
62101,72392,59514,48466,53959,54000,54028,53909,54216
62198,73761,60555,74488,58914,16079,54059,69894,26352
62233,41130,43114,45743,65666,43312,45878,54059,47694
62237,64802,61003,46650,66040,70647,20021,20017,72392
62342,66484,51520,70647,70798,33040,66483,24233,67405
62419,21762,17557,17537,19337,12181,967,41816,965
62442,39480,47880,26651,71669,71513,34569,72200,54000
62529,69968,57959,49360,510,13816,507,59966,21800
62631,34368,63736,63738,63735,64879,72130,55454,59141
62643,56000,56004,61745,45347,64082,60224,45344,48932
62689,57792,62689,69069,63117,37046,51749,75063,35982
62695,62695,71686,55027,14301,5008,18293,13084,14299
62717,56982,60704,58940,56978,57668,76508,40140,26562
62726,62726,63654,45774,60704,58940,62717,56978,37952
62737,53846,64608,60786,64609,44686,20199,25952,14397
62765,75876,76560,57024,67946,60512,75848,68432,61938
62774,26012,26201,25382,429,54134,54059,54265,54060
62782,65483,61801,55027,61799,40766,1621,61800,48521
62799,59440,34982,34361,4920,48555,34362,54731,36269
62820,62820,69202,45820,58850,59015,36391,66603,60686
62829,41508,66484,51520,33040,77198,77199,70798,66483
62868,61938,61936,25250,57640,58272,62765,45482,16079
62884,61417,61425,62884,72146,45555,40342,51721,69677
62921,65764,31625,69250,51532,30248,31596,41816,69461
63006,66423,48556,5487,58053,33644,53909,53906,53959
63020,39008,73291,75449,55097,73290,40004,74998,66430
63066,45743,45727,46089,47569,41116,74880,74868,45726
63117,57792,62689,69069,63117,37046,51749,75063,35982
63219,36299,4920,21704,29145,3606,54731,1324,4904
63220,52123,59514,51404,20891,54028,54134,54060,54059
63460,63460,68731,68385,65401,68737,15660,6824,11493
63558,59184,71559,75464,14435,11328,13084,26012,8203
63654,62726,63995,45774,40303,37952,60704,58940,62717
63735,63738,63736,55454,59141,13009,62631,54000,53909
63736,63738,63736,55454,59141,13009,62631,54000,53909
63738,63738,63736,55454,59141,13009,62631,54000,53909
63753,35573,47422,28727,35572,43151,8679,57172,25918
63773,64762,41881,33869,43114,64764,56071,727,34146
63863,17094,74921,41532,40303,21688,20575,43438,57671
63894,26562,60555,31625,30271,1681,30248,31596,56980
63986,70732,64608,22604,64609,36380,7815,74488,59514
63995,62726,63654,45774,60704,58940,62717,56978,37952
64029,61937,69609,68088,61954,64708,16695,61936,65528
64060,64060,45344,45885,45887,56001,37559,65639,38766
64082,64060,45344,45885,45887,56001,37559,65639,38766
64087,48066,75728,64761,37506,64764,64762,31705,34808
64096,76997,51301,64542,66592,64541,69384,64544,66593
64233,75141,67512,11641,11642,11635,48605,68239,19201
64256,57024,75848,67946,60512,53794,75876,73327,60661
64262,22966,22609,38540,36484,20986,13241,34738,36470
64327,64327,68411,27589,66057,67188,67508,6030,69677
64330,22590,30618,22591,60555,36269,41778,1018,1324
64348,70562,65282,61800,7047,5481,10265,175,21704
64379,65636,66430,55097,73290,64379,31935,40004,73291
64458,60584,65932,21753,53468,58914,37403,21704,20893
64487,50089,73646,68447,39886,44082,51733,33242,64487
64538,46238,15244,4373,5487,10784,20470,429,20478
64540,76111,64540,66593,64542,73572,71231,69386,66847
64541,76111,64540,66593,64542,73572,71231,69386,66847
64542,76111,64540,66593,64542,73572,71231,69386,66847
64543,76111,64540,66593,64542,73572,71231,69386,66847
64544,76111,64540,66593,64542,73572,71231,69386,66847
64550,76560,75848,60512,67946,57024,75876,64256,73327
64608,59827,25952,44686,20199,42904,14397,55353,68369
64609,64608,59827,14397,25952,55353,20199,42904,44686
64708,61954,61937,69609,68088,46856,54859,46824,46825
64727,48438,45201,45318,29608,33116,53010,5660,57853
64761,64762,61140,64087,64764,71475,31705,34808,38683
64762,64761,64764,41881,41116,74880,45726,74868,33869
64764,64761,71475,64762,55461,74723,33869,64087,61140
64800,72008,64800,53513,58519,72427,28373,72425,41084
64802,62237,61003,46650,66040,20017,20021,51404,37506
64816,64816,62056,30199,69068,6723,54731,3606,29145
64840,64850,64851,64846,64848,59464,64847,50315,59125
64841,64841,24905,7348,17538,7463,5441,54028,54265
64842,64841,24905,7348,17538,7463,5441,54028,54265
64846,64848,64850,64840,64849,64851,71189,31118,59464
64847,64851,64850,64840,64846,64848,59125,17094,47541
64848,64846,64849,64850,64840,64851,59464,64847,50315
64849,64848,64846,54028,54060,53959,54000,53908,54330
64850,64840,64851,64846,64848,64847,59464,50315,59125
64851,64847,64850,64840,64846,64848,59125,17094,47541
64879,64879,49865,70611,59239,51575,9200,36299,62631
64883,50698,56980,73411,41843,17610,49077,4373,8950
64924,73235,73237,73239,73234,73242,73241,22960,38552
65103,68668,55950,69087,22272,34362,37518,53908,53959
65197,65197,65209,65208,75963,5761,2572,1504,7348
65208,65197,65209,65208,75963,5761,2572,1504,7348
65209,65197,65209,65208,75963,5761,2572,1504,7348
65211,65197,65209,65208,75963,5761,2572,1504,7348
65282,70562,64348,61800,7047,5481,10265,175,21704
65339,64541,73572,64540,71810,64543,64542,75343,76111
65382,40765,2599,1557,513,5761,36269,40176,33227
65400,71230,71809,72821,67399,68738,67407,67398,67405
65401,68390,68385,72821,68738,63460,68391,68388,72822
65402,67406,65402,67407,41294,67399,65403,66848,67398
65403,67407,67399,72821,68738,67398,67406,65402,50586
65447,56982,56978,62717,60704,14592,8950,74868,41116
65458,68390,70437,68388,65796,71811,65401,70439,65403
65483,62782,61801,61799,61800,962,47658,24905,436
65484,61799,61800,54000,54028,53909,53959,53906,54134
65486,54498,54497,58171,41106,41136,57959,11900,31912
65507,65507,66603,48555,53959,54059,53908,53909,53846
65526,54028,53909,53959,54000,54060,54059,54265,54216
65528,67236,65458,66483,66349,75342,50586,68388,67406
65556,54028,54060,53959,54000,53908,54059,54265,54216
65589,73327,60661,50448,67533,60584,21753,58914,58920
65636,65636,66430,55097,73290,64379,31935,40004,73291
65639,64060,45344,45885,45887,56001,37559,65639,38766
65666,41866,66041,65764,69865,24082,74159,27753,62233
65682,56887,57853,74774,35571,54995,57921,16638,28350
65689,54498,16083,31703,454,2599,515,21704,16073
65764,31625,71251,71252,69250,51532,62921,30248,31596
65767,64816,62056,30199,69068,6723,54731,3606,29145
65796,71811,70437,71808,70439,65458,67533,71802,69894
65833,73752,6723,5256,10480,2788,8575,7516,4110
65932,75848,67946,57024,60512,75876,64256,73327,60661
66024,20470,54060,54216,54000,54028,54059,53909,54361
66029,51245,67508,75907,54000,54059,53909,53959,53906
66030,45116,76685,69866,72064,69677,67507,51245,67188
66040,66040,20017,64802,62237,37506,17610,9117,5916
66041,59736,65666,60874,67360,74159,75087,35378,6551
66057,64327,36083,67508,67507,69866,45116,75907,68411
66229,41508,62829,25917,30563,25250,25884,24233,48521
66290,41516,69021,37506,13816,505,48148,2599,47659
66308,66308,10478,1415,10480,36299,1414,53959,54060
66349,76996,74843,72355,75342,33040,70798,66484,51520
66423,75708,69515,46238,48301,63006,35881,52352,23315
66430,65636,66430,55097,73290,64379,31935,40004,73291
66433,44686,20199,55353,42904,14397,59827,25952,74753
66478,67505,71757,21688,47541,20447,7673,56071,7324
66483,66484,51520,33040,70798,39030,67405,76996,74843
66484,51520,66484,33040,66483,39030,67405,76996,74843
66527,58920,25852,1324,47658,53909,54216,54028,53959
66528,54028,54059,53909,53959,54000,53906,54265,54134
66592,76111,64540,66593,64542,73572,71231,69386,66847
66593,76111,64540,66593,64542,73572,71231,69386,66847
66603,66619,48556,48555,71189,52742,62820,65507,70673
66619,66603,48556,48555,52742,62820,66769,61417,62884
66763,48148,69202,75907,64727,66818,11456,20310,5008
66769,61417,61425,62884,72146,45555,40342,51721,69677
66818,48047,68411,75907,61425,61417,62884,66769,67188
66845,50089,73646,68447,39886,44082,51733,33242,64487
66847,76111,64540,66593,64542,73572,71231,69386,66847
66848,76417,10602,65402,50586,67406,67963,74888,73570
66849,70439,73572,66847,75343,64541,71231,70703,70440
66855,66857,39007,73290,73291,64379,65636,55097,75449
66857,66855,39007,55097,73291,64379,73290,74998,66430
66889,66855,66857,57757,25414,51483,35036,21822,34146
66932,70026,40336,45923,35378,58053,20575,25656,29204
67170,52405,41116,74868,74880,45726,67171,63066,65447
67171,52405,67170,12928,7047,2718,512,1557,2740
67188,76685,36083,64327,69677,51721,68411,27589,30034
67236,67405,67399,67407,67398,66349,65403,71230,66484
67360,60874,69021,66041,69865,58914,51917,69461,56115
67398,67399,67407,65403,67406,50586,65400,71809,65402
67399,67407,67398,65403,67406,65400,65402,71809,71230
67405,33040,51520,70798,66484,66483,67236,72823,39030
67406,67406,65402,67407,41294,67399,65403,66848,67398
67407,67399,67398,65403,50586,67406,65402,67236,65400
67455,60787,68369,74753,30368,66433,64608,69068,38552
67505,66478,39215,71757,21688,47541,51483,20447,20893
67507,72064,45116,69866,66057,73369,66030,67508,75907
67508,66057,66029,64327,36083,45116,75907,51245,72064
67512,67512,64233,960,54000,53909,53959,54060,54028
67533,68432,70437,75876,46317,68430,73327,60661,55702
67578,49237,45260,54827,57110,47695,48911,47658,1324
67820,47084,25468,21704,56887,43893,7324,16638,1154
67946,67946,60512,57024,75876,64256,60661,73327,58916
67962,59315,74870,71189,71004,49865,69068,51248,46170
67963,74888,73570,74545,76417,10602,74360,71231,64544
68088,69609,68088,64708,61954,64029,16695,61936,16638
68227,63117,75063,62689,69069,51749,57792,37046,69242
68239,69373,69362,41519,64233,33644,21822,35036,11757
68369,64608,67455,60787,62737,30368,30371,41881,27586
68372,6551,14299,8203,2572,11757,54060,54028,53959
68385,63460,68391,65401,69386,66593,64543,66592,69384
68388,68390,65401,65458,66483,65528,53909,53959,54216
68390,68388,65401,76111,66592,71231,73572,64541,66593
68391,63460,68731,68385,65401,68737,15660,6824,11493
68401,68430,68432,76694,68579,48527,74027,61105,67533
68411,36083,64327,27589,66057,66818,36367,67508,67188
68430,68401,75876,68432,76560,57024,60512,67946,75848
68432,75876,67533,68430,68401,76560,75848,57024,67946
68447,50089,73646,68447,39886,44082,51733,33242,64487
68579,68401,55702,68430,14014,59548,62765,58920,42948
68668,68668,55950,69087,22272,34362,37518,53908,53959
68731,68391,63460,68385,65401,68737,15660,11493,6824
68737,63460,68391,68731,68385,66849,74027,70439,68401
68738,68738,72822,65403,65400,64542,71809,76111,71810
68867,34416,52239,5009,13084,14299,26012,9117,9118
69021,53497,54372,67360,66290,36391,13816,47659,29204
69060,31625,69250,31596,30248,39669,65764,36522,30484
69068,71189,65767,64816,62056,49865,30199,67962,6723
69069,57792,62689,69069,63117,37046,51749,75063,35982
69078,35228,48605,55027,50525,8284,23616,43893,48148
69087,68668,55950,69087,22272,34362,37518,53908,53959
69141,51874,69141,19459,20038,55030,28096,28100,75267
69146,76694,48527,61105,75700,75698,75876,56540,76696
69174,45137,75847,50525,40336,61053,45922,49442,40028
69202,72007,62820,52742,66763,36391,69250,73411,45820
69242,57792,62689,69069,63117,37046,51749,75063,35982
69250,65764,31625,69060,51532,62921,41816,30248,41532
69255,16417,20310,26012,72827,10265,34362,20893,25414
69362,69362,68239,33644,21822,35036,11757,53908,53906
69373,69362,68239,33644,21822,35036,11757,53908,53906
69383,76111,71810,71231,64544,69386,66593,64543,64541
69384,76111,64540,66593,64542,73572,71231,69386,66847
69386,76111,64540,66593,64542,73572,71231,69386,66847
69461,64096,47695,62921,56979,58941,51917,41866,69250
69510,75087,7673,41778,56887,24059,52211,25382,20539
69515,75708,10794,66423,35881,52352,51792,46242,15244
69609,69609,68088,64708,61954,64029,16695,61936,16638
69677,51721,67188,30034,66057,62884,36083,64327,66769
69826,54411,69828,69826,52703,20560,15244,4373,20447
69828,54411,69828,69826,52703,20560,15244,4373,20447
69865,56540,41866,15204,51710,76963,76694,61105,48527
69866,67507,66030,66057,45116,72064,73369,30034,69677
69894,59966,62765,76560,75876,76694,69865,71811,65796
69968,62529,57959,49360,510,13816,507,59966,21800
70009,39289,43312,40153,1154,25382,2106,3939,29687
70026,70026,40336,45923,35378,58053,20575,25656,29204
70135,56404,48047,66818,14299,11328,26012,9117,9118
70143,54028,53908,53909,53959,54000,53906,54265,54134
70391,74536,50448,54908,59125,36391,38468,512,45878
70395,59184,12734,4824,5008,18293,20310,1418,1557
70437,71811,65796,70439,66592,66593,73572,76111,64542
70439,66849,70437,71811,65796,64542,66592,64540,76111
70440,76111,64540,66593,64542,73572,71231,69386,66847
70562,65282,64348,61800,7047,5481,10265,175,21704
70611,75522,64879,72130,51575,49865,59239,9200,36299
70635,66308,10478,1415,10480,36299,1414,53959,54060
70647,72392,62237,62342,16083,18293,56259,10265,1414
70673,65507,66603,48555,53959,54059,53908,53909,53846
70703,76111,64540,66593,64542,73572,71231,69386,66847
70732,22604,63986,7815,74488,59514,21521,38552,22907
70770,44914,36269,16638,47658,1504,4073,20478,24905
70795,53908,75745,76694,61105,48527,75698,75700,53906
70798,51520,66484,33040,66483,39030,67405,76996,74843
70931,37046,75063,57792,63117,69069,69242,62689,51749
71004,46170,59315,67962,73411,29204,8950,7673,7672
71157,72989,34326,35386,73020,55192,55193,23729,43114
71164,49731,50520,56540,57275,47570,16417,31912,49360
71188,69384,76111,64541,69386,71810,64542,70440,73572
71189,49865,69068,67962,64846,56981,66603,21521,8950
71212,36348,72394,29292,41240,47712,512,5916,31703
71230,71230,71809,72821,67399,68738,67407,67398,67405
71231,76111,64540,66593,64542,73572,71231,69386,66847
71251,71251,65764,65458,65528,20417,36167,436,3824
71252,71251,65764,65458,65528,20417,36167,436,3824
71318,33644,7348,19960,53909,53959,54216,53908,54060
71342,49864,4372,4373,5487,25414,11493,3606,10784
71475,61140,64764,64761,38683,64762,44684,43114,33869
71513,71513,72200,71669,51404,54000,62442,41683,19558
71559,63558,14435,59184,75464,13084,15140,17160,23282
71669,71513,72200,71669,51404,54000,62442,41683,19558
71686,38827,62695,55027,14301,1557,5008,23904,18293
71703,54028,53908,53909,53959,54000,53846,54216,54060
71757,72767,73498,67505,66478,47541,14592,21688,69174
71766,51845,51898,46821,56733,71766,51804,51622,44459
71802,70439,72821,69383,68738,70437,66849,67533,72822
71808,65796,71811,70437,72354,71802,72822,70439,65458
71809,71230,71809,72821,67399,68738,67407,67398,67405
71810,76111,64540,66593,64542,73572,71231,69386,66847
71811,71811,70437,71808,70439,65458,67533,71802,69894
71868,429,54028,53909,53959,54000,54060,54059,54265
71917,76696,72706,20199,42904,59827,14397,55353,25952
72007,69202,73411,36391,21800,59966,40815,6523,3824
72008,72008,64800,53513,58519,72427,28373,72425,41084
72064,67507,45116,66030,67508,69866,66057,36367,11963
72118,57640,58272,57110,36670,23474,47695,55900,48911
72130,64879,49865,70611,59239,51575,9200,36299,62631
72146,66769,61417,61425,62884,40342,45555,51721,69677
72200,71513,72200,71669,51404,54000,62442,41683,19558
72317,72821,68738,76997,74145,72822,76810,72706,65403
72329,72329,72330,52703,25414,54028,54134,54059,54000
72330,72329,72330,52703,25414,54028,54134,54059,54000
72354,72822,64543,71810,76111,64544,66593,69386,66592
72355,72355,76996,75342,66349,64542,64541,64540,71231
72392,70647,62101,62237,62342,16083,18293,56259,10265
72394,72394,71212,29292,41240,47712,512,5916,31703
72425,72427,72426,64800,73843,72008,53513,58519,28373
72426,72427,72425,54059,53959,54000,54028,53908,54216
72427,72426,72425,73843,64800,72008,53513,58519,28373
72600,51874,69141,19459,20038,55030,28096,28100,75267
72706,44686,25952,20199,42904,59827,55353,14397,31118
72732,58519,41508,74145,9200,43514,28676,41613,25918
72767,71757,73498,14592,47541,69174,58920,61427,65447
72820,72820,66593,69384,70440,69386,66847,64543,76111
72821,72821,72822,65403,65400,64542,71809,76111,71810
72822,72354,72823,72821,68738,64542,64543,70703,64541
72823,72822,76996,74843,72355,67405,72354,72821,68738
72827,47046,68391,56979,58941,63460,65401,71809,69255
72989,73020,72989,55192,71157,55193,43114,18294,24989
73020,73020,72989,55192,71157,55193,43114,18294,24989
73052,65447,46386,20417,58920,69894,36862,47695,58053
73062,74657,59966,69894,1123,19960,20478,17538,34146
73129,54731,1018,60511,29145,48911,4073,35036,24905
73234,73235,73237,73239,73234,73242,73241,22960,38552
73235,73235,73237,73239,73234,73242,73241,22960,38552
73237,73235,73237,73239,73234,73242,73241,22960,38552
73239,73235,73237,73239,73234,73242,73241,22960,38552
73241,73235,73237,73239,73234,73242,73241,22960,38552
73242,73235,73237,73239,73234,73242,73241,22960,38552
73252,73331,37045,26352,7693,36269,2572,17010,56887
73290,65636,66430,55097,73290,64379,31935,40004,73291
73291,65636,66430,55097,73290,64379,31935,40004,73291
73327,73327,75848,60512,67946,57024,65589,75876,64256
73331,73331,37045,26352,7693,36269,2572,17010,56887
73339,40268,73340,41491,75036,75029,75030,75032,75031
73340,73339,40268,75036,75032,41491,75030,75031,75029
73368,51466,57856,54059,53909,53959,54000,53906,54028
73369,1538,1535,1539,67507,1536,69866,51721,66057
73411,64540,73572,64543,64541,64542,70440,76111,70703
73498,72767,42030,49418,71757,41772,42534,48658,56103
73570,74545,67963,74888,66592,71810,66593,69386,70440
73571,72820,66593,69384,70440,69386,66847,64543,76111
73572,76111,64540,66593,64542,73572,71231,69386,66847
73635,54028,53908,53909,53959,54000,54059,54265,54134
73646,50089,73646,68447,39886,44082,51733,33242,64487
73752,6723,5256,10480,2788,65833,8575,7516,4110
73761,74488,62198,60555,66433,36380,27596,54059,26352
73769,19674,33783,29198,21110,75464,52239,17610,18310
73843,72008,64800,53513,58519,72427,28373,72425,41084
73941,53906,52211,29687,37518,55900,24905,20478,20470
74027,68401,68737,68432,56982,74675,54000,46317,68430
74120,74651,7673,16638,24059,54827,51483,20893,7675
74145,76997,72821,68738,76810,72317,72822,74360,76111
74159,76963,30550,75683,69865,66041,65666,12928,175
74360,76997,73570,74545,67963,74888,76810,66592,76506
74435,1414,8203,429,54134,54000,54028,53909,54059
74488,73761,66433,70732,27596,36380,74753,22604,67455
74536,70391,54908,59125,36391,512,45878,2740,6551
74545,74545,67963,74888,66592,71810,66593,69386,70440
74651,74120,47843,51192,75989,55339,56688,56687,30182
74657,73062,59966,69894,1123,20478,17538,34146,7348
74675,74676,40140,76766,76508,56982,74683,74027,68401
74676,40140,76508,76766,74675,62717,56982,60704,58940
74683,76668,75898,74675,30034,50448,42591,37952,46670
74723,64764,8590,34808,30682,31704,727,429,54000
74753,67455,66433,64609,38552,62737,74488,30682,963
74768,53129,74768,53909,40308,52425,59125,54134,20470
74774,49803,58850,65682,7673,175,1598,56887,1791
74843,74843,76996,75342,66349,64542,64541,64540,71231
74868,74868,74880,45726,63066,45743,49452,64762,67170
74870,67962,59315,59514,54000,54059,53959,53908,54216
74880,74868,74880,45726,63066,45743,49452,64762,67170
74888,74888,73570,74545,76417,10602,74360,71231,64544
74921,40303,57671,43438,52368,47693,41688,63863,505
74928,61638,57757,43151,20447,7849,75087,2106,1550
74998,65636,66430,55097,73290,64379,31935,40004,73291
75029,75036,75031,75030,75029,75032,41492,73339,35351
75030,75036,75031,75030,75029,75032,41492,73339,35351
75031,75036,75031,75030,75029,75032,41492,73339,35351
75032,75036,75031,75030,75029,75032,41492,73339,35351
75036,75036,75031,75030,75029,75032,41492,73339,35351
75063,57792,62689,69069,63117,37046,51749,75063,35982
75087,69510,74928,61638,73020,35386,72989,55192,41116
75141,67512,64233,960,54000,53909,53959,54060,54028
75155,16818,20022,18968,38261,18310,53158,24989,965
75244,50089,73646,68447,39886,44082,51733,33242,64487
75267,51874,69141,19459,20038,55030,28096,28100,75267
75342,74843,72355,76996,66349,64542,64541,64540,71231
75343,76111,64540,66593,64542,73572,71231,69386,66847
75449,65636,66430,55097,73290,64379,31935,40004,73291
75464,33783,73769,63558,19674,29198,59184,71559,21110
75522,70611,51575,52211,11757,53909,53959,54000,53906
75683,26419,26418,51599,76963,7811,17737,26420,7810
75698,75698,76694,48527,61105,75876,76696,56540,68401
75700,75698,76694,48527,61105,75876,76696,56540,68401
75708,35881,52352,69515,51792,46242,66423,23290,12421
75728,48066,64087,21822,5441,16074,19960,11757,54028
75745,70795,33624,25852,3824,17538,35036,21822,34146
75787,11899,75787,26722,11263,15130,21110,8575,13020
75788,11899,75787,26722,11263,15130,21110,8575,13020
75847,69174,43312,58053,52211,25852,48911,24905,5441
75848,67946,60512,57024,75876,64256,60661,73327,58916
75850,65400,71230,71809,67399,68738,72821,67407,67398
75856,55030,75267,50215,20038,19459,28469,69141,47986
75876,76560,60512,57024,75848,67946,68432,68430,64256
75890,75891,21800,6523,54731,4073,35036,727,16074
75891,75891,21800,6523,54731,4073,35036,727,16074
75898,76668,74683,30034,50448,42591,37952,46670,53779
75907,66057,67508,66818,67507,36083,64327,66029,69866
75940,30181,75856,51301,41683,2780,175,2725,1598
75963,65197,65209,65208,75963,5761,2572,1504,7348
75988,55339,51192,56688,56687,75989,47843,30182,76265
75989,47843,56687,55339,75989,51192,30182,76265,55905
76111,76111,64540,66593,64542,73572,71231,69386,66847
76229,505,4073,5441,16074,7348,11757,54361,54028
76265,56687,51192,56688,75989,55339,47843,30182,54060
76417,76417,66848,74888,67963,73570,74545,31970,5659
76453,53421,1622,13350,5411,1504,727,47658,33644
76506,76997,47046,76810,74360,74145,72317,64096,49237
76508,76508,74676,62717,56982,74675,60704,58940,56978
76560,76694,75876,75848,67946,60512,57024,68432,64550
76668,75898,74683,30034,50448,42591,37952,46670,53779
76685,67188,40980,66030,69677,51721,30034,36367,9117
76694,76560,48527,61105,75700,75698,75876,56540,68401
76696,76694,31118,48527,61105,71917,75698,75700,72706
76766,74676,74675,25656,963,11757,54059,54028,53959
76780,10788,20560,46634,20818,40815,20447,35378,35717
76810,76997,74360,69386,73572,66593,66592,76111,64544
76963,30550,75683,74159,69865,12928,2719,35717,59966
76995,70440,69384,76111,71810,64542,66847,64541,64544
76996,74843,72355,75342,66349,33040,66484,51520,70798
76997,76810,76506,74360,64541,64542,71810,66593,64543
76998,76111,64540,66593,64542,73572,71231,69386,66847
76999,76111,64540,66593,64542,73572,71231,69386,66847
77116,76111,64540,66593,64542,73572,71231,69386,66847
77198,77198,62829,20818,48519,58053,41778,59966,16638
77199,77198,62829,20818,48519,58053,41778,59966,16638
77207,21822,53959,54000,54028,54059,53909,54060,54361
